,Line ID,Shape ID,Departure Time,Vehicle ID,Scheduled Travel Time (min),Travel Time (min),Distance (m),Energy Consumption (kWh)
0,1-82,1-82-A-59,05:26:00,veh_49178_bus,65.0,64.15,34570.18708199623,38.63229475379291
1,1-82,1-82-A-59,05:55:00,veh_49125_bus,66.0,66.36666666666666,34570.18708199623,42.992587190289406
2,1-82,1-82-A-59,06:21:00,veh_49154_bus,76.0,78.7,34570.18708199623,38.53941517024917
3,1-82,1-82-A-59,06:49:00,veh_49176_bus,78.0,117.65,34570.18708199623,43.261963259916925
4,1-82,1-82-A-59,07:18:00,veh_49141_bus,79.0,149.0,34570.18708199623,39.05078006481834
5,1-82,1-82-A-59,07:48:00,veh_49140_bus,77.0,125.03333333333333,34570.18708199623,42.19577778691076
6,1-82,1-82-A-59,10:24:00,veh_49126_bus,72.0,44.93333333333333,34570.18708199623,30.760026370809157
7,1-82,1-82-A-59,12:24:00,veh_49149_bus,73.0,284.3833333333333,34570.18708199623,25.501783511341724
8,1-82,1-82-A-59,14:24:00,veh_49097_bus,75.0,446.98333333333335,34570.18708199623,29.0870344355413
9,1-82,1-82-A-59,15:52:00,veh_49137_bus,78.0,361.53333333333336,34570.18708199623,27.47055054499528
10,1-82,1-82-A-59,16:52:00,veh_49177_bus,75.0,297.4,34570.18708199623,23.147509118133236
11,1-82,1-82-A-59,18:23:00,veh_49098_bus,71.0,206.21666666666667,34570.18708199623,22.142428167504423
12,1-82,1-82-A-59,19:26:00,veh_49160_bus,68.0,147.31666666666666,34570.18708199623,25.903816670169014
13,1-82,1-82-A-59,21:56:00,veh_49155_bus,65.0,479.95,34570.18708199623,26.229734979862037
14,1-82,1-82-A-59,23:28:00,veh_49157_bus,63.0,26.533333333333335,34570.18708199623,22.023815420877096
15,1-82,1-82-R-60,06:01:00,veh_48994_bus,73.0,74.8,33794.69573179973,27.600671934870945
16,1-82,1-82-R-60,06:28:00,veh_49172_bus,76.0,81.38333333333334,33794.69573179973,29.239678198569443
17,1-82,1-82-R-60,07:26:00,veh_49159_bus,78.0,77.71666666666667,33794.69573179973,30.426479274623244
18,1-82,1-82-R-60,08:24:00,veh_49184_bus,79.0,107.55,33794.69573179973,27.068080599974103
19,1-82,1-82-R-60,10:26:00,veh_49105_bus,78.0,92.48333333333333,33794.69573179973,6.652554883360149
20,1-82,1-82-R-60,12:26:00,veh_49104_bus,78.0,5.45,33794.69573179973,3.3256418648824666
21,1-82,1-82-R-60,14:25:00,veh_49183_bus,84.0,4.316666666666666,33794.69573179973,2.588437317230819
22,1-82,1-82-R-60,15:50:00,veh_49138_bus,90.0,1.35,33794.69573179973,1.7723409567938047
23,1-82,1-82-R-60,16:20:00,veh_49182_bus,89.0,1.0166666666666666,33794.69573179973,1.414758084709677
24,1-82,1-82-R-60,16:50:00,veh_49078_bus,86.0,0.9833333333333333,33794.69573179973,0.505316684033068
25,1-82,1-82-R-60,17:27:00,veh_49139_bus,78.0,0.38333333333333336,33794.69573179973,0.7094521280876154
26,1-82,1-82-R-60,17:58:00,veh_49106_bus,76.0,0.55,33794.69573179973,0.8843393530307667
27,1-82,1-82-R-60,18:28:00,veh_49107_bus,76.0,0.6166666666666667,33794.69573179973,0.8041618461017299
28,1-82,1-82-R-60,19:30:00,veh_48976_bus,74.0,0.1,33794.69573179973,0.6292801228682777
29,1-82,1-82-R-60,20:31:00,veh_49047_bus,73.0,0.1,33794.69573179973,0.6292801228682777
30,1-82,1-82-R-60,21:31:00,veh_49048_bus,73.0,0.1,33794.69573179973,0.6292801228682777
31,1-82,1-82-R-60,23:05:00,veh_49181_bus,67.0,0.1,33794.69573179973,0.6292801228682777
32,1-80,1-80-A-326,05:58:00,veh_31001_bus,49.0,55.03333333333333,20882.74851542369,21.912933810817886
33,1-80,1-80-A-326,06:27:00,veh_31557_bus,53.0,96.0,20882.74851542369,21.808201525308434
34,1-80,1-80-A-326,06:55:00,veh_31562_bus,58.0,145.0,20882.74851542369,19.389152882732503
35,1-80,1-80-A-326,07:23:00,veh_31000_bus,60.0,155.48333333333332,20882.74851542369,20.497851892810708
36,1-80,1-80-A-326,07:53:00,veh_31558_bus,58.0,480.5833333333333,20882.74851542369,17.069030271926135
37,1-80,1-80-A-326,08:25:00,veh_31535_bus,52.0,264.35,20882.74851542369,10.34690391066016
38,1-80,1-80-A-326,08:56:00,veh_30975_bus,51.0,233.76666666666668,20882.74851542369,8.445965920599587
39,1-80,1-80-A-326,09:26:00,veh_30976_bus,51.0,1167.8666666666666,20882.74851542369,9.67128936425234
40,1-80,1-80-A-326,09:56:00,veh_30977_bus,51.0,18.133333333333333,20882.74851542369,9.117585809124206
41,1-80,1-80-A-326,10:26:00,veh_30978_bus,51.0,141.35,20882.74851542369,9.05282072353929
42,1-80,1-80-A-326,10:56:00,veh_30979_bus,51.0,837.5,20882.74851542369,9.24420315776849
43,1-80,1-80-A-326,11:25:00,veh_31026_bus,54.0,1050.9166666666667,20882.74851542369,10.137318333584513
44,1-80,1-80-A-326,11:55:00,veh_31027_bus,54.0,17.35,20882.74851542369,10.208290331356931
45,1-80,1-80-A-326,12:25:00,veh_31028_bus,54.0,17.35,20882.74851542369,10.080041590290016
46,1-80,1-80-A-326,12:55:00,veh_31029_bus,54.0,18.266666666666666,20882.74851542369,8.306202326187979
47,1-80,1-80-A-326,13:25:00,veh_31030_bus,54.0,210.68333333333334,20882.74851542369,9.354260027232332
48,1-80,1-80-A-326,13:55:00,veh_31031_bus,54.0,907.9833333333333,20882.74851542369,9.41544627671083
49,1-80,1-80-A-326,14:25:00,veh_31561_bus,56.0,16.416666666666668,20882.74851542369,9.889534648054779
50,1-80,1-80-A-326,14:54:00,veh_31242_bus,58.0,16.8,20882.74851542369,9.593042350226373
51,1-80,1-80-A-326,15:24:00,veh_31559_bus,60.0,811.75,20882.74851542369,8.005264442439065
52,1-80,1-80-A-326,15:52:00,veh_31564_bus,64.0,545.0833333333334,20882.74851542369,9.972160581530908
53,1-80,1-80-A-326,16:20:00,veh_31241_bus,64.0,17.8,20882.74851542369,9.172878654879296
54,1-80,1-80-A-326,16:52:00,veh_31560_bus,60.0,18.383333333333333,20882.74851542369,8.383579697796575
55,1-80,1-80-A-326,17:25:00,veh_31537_bus,55.0,16.733333333333334,20882.74851542369,7.587177597211684
56,1-80,1-80-A-326,17:57:00,veh_31210_bus,50.0,14.616666666666667,20882.74851542369,8.376081569604205
57,1-80,1-80-A-326,18:27:00,veh_31211_bus,50.0,13.55,20882.74851542369,7.778644370651431
58,1-80,1-80-A-326,18:57:00,veh_31414_bus,49.0,13.55,20882.74851542369,8.678977382606057
59,1-80,1-80-A-326,19:58:00,veh_31568_bus,47.0,13.383333333333333,20882.74851542369,8.04140967907238
60,1-80,1-80-A-326,20:58:00,veh_31392_bus,47.0,12.7,20882.74851542369,8.325186837540334
61,1-80,1-80-A-326,21:58:00,veh_31393_bus,47.0,12.866666666666667,20882.74851542369,8.004968211458417
62,1-80,1-80-A-326,22:59:00,veh_31545_bus,46.0,12.633333333333333,20882.74851542369,8.323488738604107
63,1-80,1-80-A-326,23:29:00,veh_31544_bus,46.0,12.633333333333333,20882.74851542369,8.323488738604107
64,1-80,1-80-R-325,06:19:00,veh_31508_bus,54.0,55.86666666666667,20791.19051237884,21.075254867072065
65,1-80,1-80-R-325,06:49:00,veh_31550_bus,55.0,57.85,20791.19051237884,21.744978832033496
66,1-80,1-80-R-325,07:16:00,veh_31536_bus,58.0,58.3,20791.19051237884,21.801954409956707
67,1-80,1-80-R-325,07:44:00,veh_31509_bus,60.0,59.1,20791.19051237884,21.78419430362236
68,1-80,1-80-R-325,08:16:00,veh_31549_bus,57.0,55.81666666666667,20791.19051237884,21.77407813579922
69,1-80,1-80-R-325,08:49:00,veh_31563_bus,53.0,225.53333333333333,20791.19051237884,10.094730420293134
70,1-80,1-80-R-325,09:21:00,veh_31498_bus,51.0,426.98333333333335,20791.19051237884,10.786536234040263
71,1-80,1-80-R-325,09:51:00,veh_31499_bus,51.0,404.1166666666667,20791.19051237884,11.54539591402779
72,1-80,1-80-R-325,10:21:00,veh_31500_bus,51.0,596.3666666666667,20791.19051237884,11.043001493965916
73,1-80,1-80-R-325,10:51:00,veh_31501_bus,51.0,1056.0833333333333,20791.19051237884,9.301340789538928
74,1-80,1-80-R-325,12:20:00,veh_31502_bus,53.0,5.3,20791.19051237884,1.9620492136179628
75,1-80,1-80-R-325,12:50:00,veh_31503_bus,53.0,3.283333333333333,20791.19051237884,2.0705205802670363
76,1-80,1-80-R-325,13:20:00,veh_31504_bus,53.0,2.8333333333333335,20791.19051237884,1.4969643180301166
77,1-80,1-80-R-325,13:50:00,veh_31505_bus,53.0,2.1666666666666665,20791.19051237884,1.3392847675333541
78,1-80,1-80-R-325,14:20:00,veh_31548_bus,54.0,1.9333333333333333,20791.19051237884,1.3753112452337666
79,1-80,1-80-R-325,14:45:00,veh_31542_bus,60.0,1.25,20791.19051237884,0.902774875660388
80,1-80,1-80-R-325,15:14:00,veh_31551_bus,61.0,182.75,20791.19051237884,0.7100482398048095
81,1-80,1-80-R-325,15:40:00,veh_31291_bus,69.0,0.7833333333333333,20791.19051237884,0.23360452808255827
82,1-80,1-80-R-325,16:06:00,veh_31567_bus,71.0,1.2166666666666666,20791.19051237884,0.45214373123142326
83,1-80,1-80-R-325,16:41:00,veh_31556_bus,64.0,337.8666666666667,20791.19051237884,0.07628280058513542
84,1-80,1-80-R-325,17:16:00,veh_31290_bus,58.0,0.36666666666666664,20791.19051237884,0.022447018536554883
85,1-80,1-80-R-325,17:49:00,veh_31543_bus,54.0,147.4,20791.19051237884,0.01471123756949835
86,1-80,1-80-R-325,18:21:00,veh_31555_bus,50.0,119.13333333333334,20791.19051237884,0.014711262980061328
87,1-80,1-80-R-325,18:53:00,veh_31297_bus,48.0,no_events,20791.19051237884,0.0
88,1-80,1-80-R-325,19:53:00,veh_31298_bus,48.0,no_events,20791.19051237884,0.0
89,1-80,1-80-R-325,20:53:00,veh_31299_bus,48.0,no_events,20791.19051237884,0.0
90,1-80,1-80-R-325,21:54:00,veh_31289_bus,47.0,no_events,20791.19051237884,0.0
91,1-80,1-80-R-325,22:55:00,veh_31553_bus,45.0,no_events,20791.19051237884,0.0
92,1-80,1-80-R-325,23:55:00,veh_31554_bus,45.0,no_events,20791.19051237884,0.0
93,1-80,1-80-R-325,24:25:00,veh_31552_bus,45.0,no_events,20791.19051237884,0.0
94,1-13B,1-13B-A-12,08:40:00,veh_3773_bus,16.0,22.933333333333334,5377.136676697885,4.342239361656215
95,1-13B,1-13B-R-9,16:20:00,veh_3774_bus,21.0,513.6666666666666,5329.223235011178,1.099842710219937
96,1-81,1-81-A-275,16:39:00,veh_48680_bus,37.0,457.1166666666667,17998.00726209812,12.440735401725624
97,1-81,1-81-R-259,15:22:00,veh_48669_bus,40.0,no_events,18195.575041385364,0.0
98,1-13A,1-13A-A-12,08:40:00,veh_3771_bus,16.0,38.31666666666667,5071.001872033114,4.074852875781477
99,1-13A,1-13A-R-34,16:20:00,veh_3772_bus,17.0,8.0,4229.053414433058,1.9917752877753234
100,1-380,1-380-A-242,06:55:00,veh_16461_bus,46.0,74.23333333333333,19779.37037123079,21.71316749152768
101,1-380,1-380-R-235,16:08:00,veh_16462_bus,53.0,no_events,20618.014814802606,0.0
102,1-380,1-380-R-235,17:21:00,veh_16463_bus,45.0,no_events,20618.014814802606,0.0
103,1-380,1-380-R-235,18:21:00,veh_16464_bus,45.0,no_events,20618.014814802606,0.0
104,1-88,1-88-A-24,06:52:00,veh_50687_bus,43.0,46.95,20155.78367330666,26.720441592257043
105,1-88,1-88-A-24,07:22:00,veh_50680_bus,46.0,79.75,20155.78367330666,25.61128357844467
106,1-88,1-88-A-24,07:52:00,veh_50568_bus,44.0,1204.2166666666667,20155.78367330666,19.113735913512
107,1-88,1-88-A-24,08:22:00,veh_50686_bus,41.0,453.4,20155.78367330666,20.291334170957978
108,1-88,1-88-A-24,09:52:00,veh_50684_bus,41.0,no_events,20155.78367330666,0.0
109,1-88,1-88-A-24,15:22:00,veh_50682_bus,47.0,no_events,20155.78367330666,0.0
110,1-88,1-88-A-24,15:52:00,veh_50630_bus,49.0,no_events,20155.78367330666,0.0
111,1-88,1-88-A-24,16:52:00,veh_50689_bus,43.0,no_events,20155.78367330666,0.0
112,1-88,1-88-A-24,18:22:00,veh_50692_bus,39.0,no_events,20155.78367330666,0.0
113,1-88,1-88-R-23,06:33:00,veh_50690_bus,41.0,46.05,20953.951915287387,33.061385299881
114,1-88,1-88-R-23,07:30:00,veh_50685_bus,44.0,64.46666666666667,20953.951915287387,32.710513292977865
115,1-88,1-88-R-23,08:00:00,veh_50667_bus,44.0,1254.5,20953.951915287387,30.995071859821852
116,1-88,1-88-R-23,09:07:00,veh_50656_bus,41.0,685.7166666666667,20953.951915287387,10.03592392439119
117,1-88,1-88-R-23,15:01:00,veh_50678_bus,44.0,3.95,20953.951915287387,1.3446303853689212
118,1-88,1-88-R-23,15:28:00,veh_50679_bus,44.0,468.6166666666667,20953.951915287387,1.294658178352475
119,1-88,1-88-R-23,15:57:00,veh_50579_bus,46.0,1.6,20953.951915287387,0.7197913243353978
120,1-88,1-88-R-23,16:26:00,veh_50688_bus,44.0,1.4833333333333334,20953.951915287387,0.8152836441006359
121,1-88,1-88-R-23,17:03:00,veh_50681_bus,42.0,171.26666666666668,20953.951915287387,0.20328957430121505
122,1-88,1-88-R-23,17:37:00,veh_50693_bus,40.0,617.7333333333333,20953.951915287387,0.2032894698735106
123,1-88,1-88-R-23,18:10:00,veh_50683_bus,38.0,0.2833333333333333,20953.951915287387,0.2183563381736252
124,1-88,1-88-R-23,23:11:00,veh_50567_bus,35.0,0.2833333333333333,20953.951915287387,0.2183563381736252
125,1-84,1-84-A-381,06:07:00,veh_49655_bus,73.0,72.01666666666667,29392.89812657032,29.990581424011893
126,1-84,1-84-A-381,06:59:00,veh_49564_bus,84.0,57.5,29392.89812657032,18.140262015520673
127,1-84,1-84-A-381,08:00:00,veh_49645_bus,78.0,37.516666666666666,29392.89812657032,15.520848333803388
128,1-84,1-84-A-381,09:06:00,veh_49660_bus,71.0,32.6,29392.89812657032,17.85655967843693
129,1-84,1-84-A-381,10:09:00,veh_49510_bus,68.0,113.43333333333334,29392.89812657032,12.519262190845723
130,1-84,1-84-A-381,11:09:00,veh_49643_bus,69.0,56.28333333333333,29392.89812657032,13.111739779165642
131,1-84,1-84-A-381,12:07:00,veh_49656_bus,71.0,32.3,29392.89812657032,11.71112536268097
132,1-84,1-84-A-381,13:07:00,veh_49523_bus,70.0,32.233333333333334,29392.89812657032,11.434718298602474
133,1-84,1-84-A-381,14:09:00,veh_49642_bus,70.0,355.98333333333335,29392.89812657032,12.043854227282484
134,1-84,1-84-A-381,15:07:00,veh_49659_bus,76.0,539.1166666666667,29392.89812657032,12.038230153259574
135,1-84,1-84-A-381,16:00:00,veh_49535_bus,82.0,487.26666666666665,29392.89812657032,9.668362435437931
136,1-84,1-84-A-381,17:02:00,veh_49641_bus,75.0,27.466666666666665,29392.89812657032,10.60999936412307
137,1-84,1-84-A-381,18:06:00,veh_49654_bus,70.0,24.733333333333334,29392.89812657032,9.952085984798241
138,1-84,1-84-A-381,19:09:00,veh_49528_bus,64.0,59.36666666666667,29392.89812657032,9.404675698971637
139,1-84,1-84-A-381,20:09:00,veh_49529_bus,64.0,21.816666666666666,29392.89812657032,9.361730484165015
140,1-84,1-84-A-381,21:09:00,veh_49530_bus,64.0,181.08333333333334,29392.89812657032,8.798109756886312
141,1-84,1-84-A-381,22:09:00,veh_49531_bus,64.0,21.316666666666666,29392.89812657032,8.885076521400707
142,1-84,1-84-R-177,07:17:00,veh_49512_bus,76.0,523.5833333333334,29647.47809559223,13.835905666465818
143,1-84,1-84-R-177,08:16:00,veh_49617_bus,74.0,254.36666666666667,29647.47809559223,11.446993055686628
144,1-84,1-84-R-177,09:21:00,veh_49658_bus,68.0,1123.7166666666667,29647.47809559223,4.096360825584932
145,1-84,1-84-R-177,10:20:00,veh_49511_bus,71.0,588.35,29647.47809559223,3.5041068733313745
146,1-84,1-84-R-177,11:20:00,veh_49618_bus,72.0,6.133333333333334,29647.47809559223,3.5577264833282087
147,1-84,1-84-R-177,12:17:00,veh_49657_bus,77.0,5.2,29647.47809559223,3.297430535079805
148,1-84,1-84-R-177,13:19:00,veh_49348_bus,72.0,645.95,29647.47809559223,3.0536984504970732
149,1-84,1-84-R-177,14:16:00,veh_49647_bus,81.0,4.1,29647.47809559223,2.6233324439745496
150,1-84,1-84-R-177,15:14:00,veh_49661_bus,89.0,3.033333333333333,29647.47809559223,2.0619164719107146
151,1-84,1-84-R-177,16:10:00,veh_49347_bus,89.0,1.6333333333333333,29647.47809559223,1.2367910739199803
152,1-84,1-84-R-177,17:15:00,veh_49646_bus,77.0,0.55,29647.47809559223,0.8843393530307667
153,1-84,1-84-R-177,18:19:00,veh_49662_bus,72.0,0.55,29647.47809559223,0.8843393530307667
154,1-84,1-84-R-177,19:22:00,veh_49359_bus,69.0,0.1,29647.47809559223,0.6292801228682777
155,1-84,1-84-R-177,20:22:00,veh_49644_bus,68.0,0.1,29647.47809559223,0.6292801228682777
156,1-84,1-84-R-177,21:23:00,veh_49285_bus,67.0,0.1,29647.47809559223,0.6292801228682777
157,1-84,1-84-R-177,22:23:00,veh_49286_bus,67.0,0.3333333333333333,29647.47809559223,0.6250776113457762
158,1-84,1-84-R-177,23:24:00,veh_49648_bus,65.0,0.1,29647.47809559223,0.6292801228682777
159,1-85,1-85-A-274,08:01:00,veh_49745_bus,28.0,46.15,9758.969978331472,8.439491015404696
160,1-85,1-85-R-207,17:26:00,veh_49784_bus,27.0,2.1166666666666667,10463.284668879958,4.68621113609399
161,1-384,1-384-A-250,06:24:00,veh_16494_bus,52.0,57.38333333333333,24938.62570438911,25.223391315564786
162,1-384,1-384-A-250,06:41:00,veh_16495_bus,62.0,77.78333333333333,24938.62570438911,26.75326186255619
163,1-384,1-384-A-250,08:56:00,veh_16496_bus,51.0,195.48333333333332,24938.62570438911,20.62981682121722
164,1-384,1-384-R-26,16:12:00,veh_16491_bus,64.0,no_events,26147.125204724398,0.0
165,1-384,1-384-R-26,17:30:00,veh_16488_bus,56.0,no_events,26147.125204724398,0.0
166,1-384,1-384-R-26,18:21:00,veh_16489_bus,56.0,no_events,26147.125204724398,0.0
167,1-382,1-382-A-327,06:26:00,veh_16481_bus,46.0,51.05,25512.15375339525,40.79906652238513
168,1-382,1-382-A-327,06:49:00,veh_16483_bus,54.0,105.01666666666667,25512.15375339525,39.82836358120085
169,1-382,1-382-A-327,09:04:00,veh_16476_bus,46.0,1148.4833333333333,25512.15375339525,34.07957698591539
170,1-382,1-382-A-327,11:05:00,veh_16485_bus,44.0,1028.2,25512.15375339525,33.47558905378899
171,1-382,1-382-R-10,12:11:00,veh_16482_bus,48.0,952.05,25765.36309921482,1.9020977001817094
172,1-382,1-382-R-10,16:11:00,veh_16487_bus,62.0,no_events,25765.36309921482,0.0
173,1-382,1-382-R-10,17:26:00,veh_16480_bus,53.0,no_events,25765.36309921482,0.0
174,1-382,1-382-R-10,18:17:00,veh_16484_bus,49.0,no_events,25765.36309921482,0.0
175,1-381,1-381-A-252,06:34:00,veh_16474_bus,38.0,47.333333333333336,19426.305458247763,39.16453880531812
176,1-381,1-381-A-252,07:06:00,veh_16469_bus,46.0,73.53333333333333,19426.305458247763,39.240175103141034
177,1-381,1-381-A-252,09:09:00,veh_16475_bus,39.0,413.78333333333336,19426.305458247763,34.54675748259894
178,1-381,1-381-R-211,16:07:00,veh_16470_bus,50.0,no_events,19549.153488410455,0.0
179,1-381,1-381-R-211,17:34:00,veh_16471_bus,43.0,no_events,19549.153488410455,0.0
180,1-381,1-381-R-211,18:19:00,veh_16472_bus,43.0,no_events,19549.153488410455,0.0
181,1-94,1-94-R-40,06:58:00,veh_52627_bus,42.0,41.03333333333333,21693.07985709892,26.24415199980026
182,1-94,1-94-R-40,07:55:00,veh_52668_bus,46.0,44.78333333333333,21693.07985709892,24.348897839350833
183,1-94,1-94-R-40,08:59:00,veh_52177_bus,42.0,41.1,21693.07985709892,25.954414511555672
184,1-94,1-94-R-40,09:59:00,veh_52178_bus,42.0,41.1,21693.07985709892,26.1037846460311
185,1-94,1-94-R-40,10:59:00,veh_52179_bus,42.0,964.9,21693.07985709892,2.045664741819109
186,1-94,1-94-R-40,11:56:00,veh_52320_bus,46.0,9.433333333333334,21693.07985709892,1.8004625086764
187,1-94,1-94-R-40,12:57:00,veh_52648_bus,45.0,725.0666666666667,21693.07985709892,0.10474648620960472
188,1-94,1-94-R-40,13:57:00,veh_52649_bus,45.0,no_events,21693.07985709892,0.0
189,1-94,1-94-R-40,14:55:00,veh_52322_bus,47.0,no_events,21693.07985709892,0.0
190,1-94,1-94-R-40,15:21:00,veh_52650_bus,48.0,no_events,21693.07985709892,0.0
191,1-94,1-94-R-40,15:49:00,veh_52667_bus,52.0,no_events,21693.07985709892,0.0
192,1-94,1-94-R-40,16:20:00,veh_52666_bus,52.0,no_events,21693.07985709892,0.0
193,1-94,1-94-R-40,16:58:00,veh_52638_bus,49.0,no_events,21693.07985709892,0.0
194,1-94,1-94-R-40,17:56:00,veh_52321_bus,46.0,no_events,21693.07985709892,0.0
195,1-94,1-94-R-40,19:01:00,veh_52599_bus,41.0,no_events,21693.07985709892,0.0
196,1-94,1-94-R-40,20:01:00,veh_52600_bus,40.0,no_events,21693.07985709892,0.0
197,1-94,1-94-R-40,21:02:00,veh_52601_bus,40.0,no_events,21693.07985709892,0.0
198,1-94,1-94-R-40,22:05:00,veh_52655_bus,37.0,no_events,21693.07985709892,0.0
199,1-94,1-94-R-40,23:05:00,veh_52665_bus,36.0,no_events,21693.07985709892,0.0
200,1-92,1-92-A-80,08:35:00,veh_51349_bus,50.0,158.66666666666666,30698.340949101697,29.6581039670986
201,1-92,1-92-A-80,09:35:00,veh_51350_bus,50.0,179.8,30698.340949101697,29.567951960090394
202,1-92,1-92-A-80,10:33:00,veh_51351_bus,50.0,72.55,30698.340949101697,28.22712220701293
203,1-92,1-92-A-80,11:33:00,veh_51353_bus,50.0,571.2,30698.340949101697,28.360562073244967
204,1-92,1-92-A-80,12:33:00,veh_51354_bus,50.0,34.88333333333333,30698.340949101697,28.10625120415792
205,1-92,1-92-A-80,13:33:00,veh_51352_bus,50.0,32.333333333333336,30698.340949101697,28.128319105386602
206,1-92,1-92-A-80,14:33:00,veh_51355_bus,50.0,35.5,30698.340949101697,27.751705302510967
207,1-92,1-92-A-80,18:44:00,veh_51356_bus,48.0,394.8666666666667,30698.340949101697,21.135664003681892
208,1-92,1-92-A-80,19:34:00,veh_51390_bus,47.0,28.25,30698.340949101697,21.58893880614905
209,1-92,1-92-A-80,20:32:00,veh_51399_bus,46.0,27.35,30698.340949101697,20.319947252596112
210,1-14A,1-14A-A-7,08:38:00,veh_4321_bus,19.0,13.85,8071.281776353547,8.027619021740419
211,1-14A,1-14A-R-8,16:20:00,veh_4322_bus,24.0,22.633333333333333,8123.83462763011,8.283107858749574
212,1-391,1-391-A-18,07:22:00,veh_17170_bus,22.0,36.21666666666667,10186.537173420018,11.300276600950221
213,1-391,1-391-A-18,07:52:00,veh_17171_bus,22.0,23.866666666666667,10186.537173420018,11.02208913154466
214,1-391,1-391-A-18,08:23:00,veh_17173_bus,24.0,22.166666666666668,10186.537173420018,12.071186050728208
215,1-391,1-391-R-17,15:53:00,veh_17174_bus,24.0,no_events,12041.93660150735,0.0
216,1-391,1-391-R-17,16:15:00,veh_17169_bus,30.0,no_events,12041.93660150735,0.0
217,1-391,1-391-R-17,16:52:00,veh_17172_bus,25.0,no_events,12041.93660150735,0.0
218,1-82A,1-82A-A-26,07:53:00,veh_49189_bus,38.0,37.85,14949.807053664954,12.560808134495247
219,1-82A,1-82A-R-1,15:55:00,veh_49190_bus,42.0,46.983333333333334,15877.097165767384,7.219149782179002
220,1-14G,1-14G-A-6,07:05:00,veh_4324_bus,58.0,215.63333333333333,26174.68241714934,25.764435367477635
221,1-14G,1-14G-R-8,15:28:00,veh_4323_bus,59.0,57.78333333333333,26703.090848721,22.467917596760774
222,1-277,1-277-A-7,06:06:00,veh_10289_bus,43.0,59.516666666666666,29115.882767914376,31.299764467326213
223,1-277,1-277-A-7,06:15:00,veh_10293_bus,51.0,55.36666666666667,29115.882767914376,31.69940186371808
224,1-277,1-277-A-7,06:34:00,veh_10292_bus,51.0,73.18333333333334,29115.882767914376,31.08958287877986
225,1-277,1-277-A-7,06:51:00,veh_10284_bus,60.0,172.86666666666667,29115.882767914376,31.90267929656605
226,1-277,1-277-A-7,07:05:00,veh_10290_bus,61.0,209.96666666666667,29115.882767914376,30.061149595026436
227,1-277,1-277-A-7,07:18:00,veh_10296_bus,62.0,203.15,29115.882767914376,29.988030509755987
228,1-277,1-277-A-7,07:31:00,veh_10297_bus,63.0,195.41666666666666,29115.882767914376,31.12028786021245
229,1-277,1-277-A-7,08:09:00,veh_10294_bus,54.0,1193.55,29115.882767914376,26.289111398441648
230,1-277,1-277-R-25,15:14:00,veh_10283_bus,58.0,251.65,28723.257947573602,4.35051994757288
231,1-277,1-277-R-25,15:34:00,veh_10291_bus,67.0,266.8666666666667,28723.257947573602,3.6214528668739865
232,1-277,1-277-R-25,15:53:00,veh_10287_bus,70.0,52.15,28723.257947573602,3.0152567966411246
233,1-277,1-277-R-25,16:10:00,veh_10288_bus,72.0,78.78333333333333,28723.257947573602,2.724895833154488
234,1-277,1-277-R-25,16:52:00,veh_10285_bus,63.0,355.15,28723.257947573602,2.531182747072838
235,1-277,1-277-R-25,17:10:00,veh_10295_bus,59.0,346.56666666666666,28723.257947573602,2.52778641734084
236,1-277,1-277-R-25,17:40:00,veh_10286_bus,53.0,395.81666666666666,28723.257947573602,1.8652841379571445
237,1-274,1-274-A-12,06:34:00,veh_10116_bus,43.0,128.6,20763.745057825294,23.883212006998754
238,1-274,1-274-A-12,06:54:00,veh_10140_bus,46.0,204.4,20763.745057825294,23.499163130346258
239,1-274,1-274-A-12,07:16:00,veh_10117_bus,52.0,815.8833333333333,20763.745057825294,11.963743728454736
240,1-274,1-274-A-12,07:26:00,veh_10114_bus,51.0,511.6666666666667,20763.745057825294,11.575363910528877
241,1-274,1-274-A-12,08:02:00,veh_10115_bus,44.0,14.4,20763.745057825294,11.869768084725377
242,1-274,1-274-R-28,15:34:00,veh_10141_bus,55.0,13.25,20650.71404161132,4.442636058021952
243,1-274,1-274-R-28,16:04:00,veh_10128_bus,60.0,72.65,20650.71404161132,2.861320654774095
244,1-274,1-274-R-28,16:36:00,veh_10142_bus,56.0,350.06666666666666,20650.71404161132,2.5231460641109553
245,1-274,1-274-R-28,17:08:00,veh_10139_bus,48.0,345.8,20650.71404161132,2.5319629719123515
246,1-274,1-274-R-28,17:36:00,veh_10113_bus,42.0,322.55,20650.71404161132,1.8652841328888157
247,1-273,1-273-A-136,06:47:00,veh_10035_bus,50.0,77.6,19943.64693257568,22.225606366453853
248,1-273,1-273-A-136,07:19:00,veh_10033_bus,60.0,129.13333333333333,19943.64693257568,21.747774846569097
249,1-273,1-273-A-136,07:56:00,veh_10031_bus,50.0,1278.8333333333333,19943.64693257568,16.45960868342445
250,1-273,1-273-R-35,15:35:00,veh_10036_bus,56.0,15.433333333333334,19757.94278974314,3.94830652571326
251,1-273,1-273-R-35,16:09:00,veh_10032_bus,61.0,77.76666666666667,19757.94278974314,2.724895804956633
252,1-273,1-273-R-35,16:39:00,veh_10034_bus,60.0,352.9166666666667,19757.94278974314,2.45612199535188
253,1-273,1-273-R-35,17:16:00,veh_10037_bus,51.0,345.25,19757.94278974314,2.5277075813008274
254,1-272,1-272-A-206,06:20:00,veh_9943_bus,55.0,63.21666666666667,21642.62336379805,23.964553109178507
255,1-272,1-272-A-206,06:46:00,veh_9947_bus,60.0,91.93333333333334,21642.62336379805,24.20810108908245
256,1-272,1-272-A-206,06:59:00,veh_9930_bus,64.0,108.41666666666667,21642.62336379805,23.212204677834915
257,1-272,1-272-A-206,07:14:00,veh_9931_bus,64.0,138.7,21642.62336379805,21.980658453290314
258,1-272,1-272-A-206,07:45:00,veh_9942_bus,57.0,163.66666666666666,21642.62336379805,22.300365196659634
259,1-272,1-272-R-29,15:35:00,veh_9948_bus,63.0,15.466666666666667,21346.774349902655,4.542321294367166
260,1-272,1-272-R-29,16:05:00,veh_9945_bus,66.0,58.15,21346.774349902655,3.07079242816602
261,1-272,1-272-R-29,16:37:00,veh_9949_bus,62.0,351.85,21346.774349902655,2.7686039400289393
262,1-272,1-272-R-29,17:17:00,veh_9944_bus,55.0,344.73333333333335,21346.774349902655,2.5326448751609645
263,1-272,1-272-R-29,17:37:00,veh_9946_bus,51.0,323.6666666666667,21346.774349902655,1.8652841371860034
264,1-279,1-279-A-154,06:28:00,veh_10382_bus,45.0,48.56666666666667,20032.803818699405,23.317891677540544
265,1-279,1-279-A-154,06:58:00,veh_10381_bus,53.0,92.25,20032.803818699405,23.717919342403007
266,1-279,1-279-A-154,07:25:00,veh_10385_bus,56.0,104.61666666666666,20032.803818699405,23.746425948474187
267,1-279,1-279-A-154,08:00:00,veh_10379_bus,49.0,142.26666666666668,20032.803818699405,22.107852692779392
268,1-279,1-279-R-15,15:35:00,veh_10384_bus,63.0,745.55,21375.47194454774,4.250982024617911
269,1-279,1-279-R-15,16:08:00,veh_10378_bus,67.0,133.48333333333332,21375.47194454774,3.336585707530014
270,1-279,1-279-R-15,16:42:00,veh_10383_bus,62.0,356.0833333333333,21375.47194454774,3.1398633035662185
271,1-279,1-279-R-15,17:25:00,veh_10380_bus,51.0,326.3,21375.47194454774,2.065564787479657
272,1-803,1-803-A-16,06:12:00,veh_43017_bus,34.0,33.68333333333333,14944.824946432896,14.413086972596604
273,1-803,1-803-A-16,06:28:00,veh_42998_bus,35.0,57.93333333333333,14944.824946432896,13.342384448163509
274,1-803,1-803-A-16,06:39:00,veh_42975_bus,36.0,89.43333333333334,14944.824946432896,12.726277238362524
275,1-803,1-803-A-16,06:48:00,veh_43041_bus,38.0,138.83333333333334,14944.824946432896,12.521697607492992
276,1-803,1-803-A-16,06:59:00,veh_42361_bus,39.0,207.8,14944.824946432896,11.467644794789736
277,1-803,1-803-A-16,07:09:00,veh_43008_bus,40.0,926.0166666666667,14944.824946432896,10.5752798814989
278,1-803,1-803-A-16,07:16:00,veh_43050_bus,41.0,593.5333333333333,14944.824946432896,9.677364578392371
279,1-803,1-803-A-16,07:23:00,veh_43031_bus,42.0,1083.35,14944.824946432896,9.540468378140547
280,1-803,1-803-A-16,07:33:00,veh_43033_bus,43.0,1113.6333333333334,14944.824946432896,8.636525902858887
281,1-803,1-803-A-16,07:44:00,veh_43034_bus,43.0,51.36666666666667,14944.824946432896,7.119551913196517
282,1-803,1-803-A-16,07:55:00,veh_43035_bus,43.0,1253.5833333333333,14944.824946432896,7.923673869049753
283,1-803,1-803-A-16,08:05:00,veh_43032_bus,42.0,769.7666666666667,14944.824946432896,7.223066255191962
284,1-803,1-803-A-16,08:15:00,veh_43022_bus,39.0,1009.2,14944.824946432896,7.058571144066625
285,1-803,1-803-A-16,08:27:00,veh_42907_bus,37.0,57.93333333333333,14944.824946432896,6.653332314706329
286,1-803,1-803-A-16,08:37:00,veh_42908_bus,37.0,56.65,14944.824946432896,6.864368159342559
287,1-803,1-803-A-16,08:50:00,veh_42293_bus,36.0,49.9,14944.824946432896,7.169503163315762
288,1-803,1-803-A-16,09:01:00,veh_42985_bus,35.0,9.216666666666667,14944.824946432896,6.011697836255983
289,1-803,1-803-A-16,09:11:00,veh_42986_bus,35.0,9.066666666666666,14944.824946432896,5.8642483309926074
290,1-803,1-803-A-16,09:23:00,veh_42980_bus,35.0,9.866666666666667,14944.824946432896,6.3266054335874395
291,1-803,1-803-A-16,09:36:00,veh_42981_bus,35.0,9.65,14944.824946432896,5.946886460096353
292,1-803,1-803-A-16,09:48:00,veh_42983_bus,35.0,8.783333333333333,14944.824946432896,5.921355781742321
293,1-803,1-803-A-16,09:59:00,veh_42984_bus,35.0,8.55,14944.824946432896,6.119705727432193
294,1-803,1-803-A-16,10:10:00,veh_42982_bus,35.0,9.433333333333334,14944.824946432896,5.95561391295856
295,1-803,1-803-A-16,10:21:00,veh_42292_bus,36.0,276.46666666666664,14944.824946432896,2.5669735777976674
296,1-803,1-803-A-16,10:33:00,veh_42296_bus,36.0,275.93333333333334,14944.824946432896,2.5721162055760063
297,1-803,1-803-A-16,10:45:00,veh_42295_bus,36.0,276.05,14944.824946432896,2.5722163368235322
298,1-803,1-803-A-16,10:57:00,veh_42294_bus,36.0,276.3333333333333,14944.824946432896,2.572650139109751
299,1-803,1-803-A-16,11:09:00,veh_42926_bus,37.0,10.1,14944.824946432896,6.287435376066848
300,1-803,1-803-A-16,11:21:00,veh_42925_bus,37.0,10.316666666666666,14944.824946432896,6.287101864450388
301,1-803,1-803-A-16,11:33:00,veh_42924_bus,37.0,10.533333333333333,14944.824946432896,5.939751879948492
302,1-803,1-803-A-16,11:45:00,veh_42797_bus,38.0,11.633333333333333,14944.824946432896,5.960929228215332
303,1-803,1-803-A-16,11:57:00,veh_42796_bus,38.0,270.21666666666664,14944.824946432896,3.4644726917067103
304,1-803,1-803-A-16,12:09:00,veh_42795_bus,38.0,270.4166666666667,14944.824946432896,3.5598915126413533
305,1-803,1-803-A-16,12:21:00,veh_42794_bus,38.0,513.5333333333333,14944.824946432896,2.55702936394159
306,1-803,1-803-A-16,12:33:00,veh_42793_bus,38.0,762.8,14944.824946432896,0.9880286455131759
307,1-803,1-803-A-16,12:45:00,veh_42792_bus,38.0,750.8333333333334,14944.824946432896,0.3169383727214167
308,1-803,1-803-A-16,12:57:00,veh_42791_bus,38.0,519.25,14944.824946432896,0.5222545474203364
309,1-803,1-803-A-16,13:09:00,veh_42790_bus,38.0,735.7166666666667,14944.824946432896,0.0729623664775835
310,1-803,1-803-A-16,13:20:00,veh_42789_bus,38.0,no_events,14944.824946432896,0.0
311,1-803,1-803-A-16,13:33:00,veh_42788_bus,38.0,no_events,14944.824946432896,0.0
312,1-803,1-803-A-16,13:45:00,veh_42787_bus,38.0,no_events,14944.824946432896,0.0
313,1-803,1-803-A-16,13:57:00,veh_42786_bus,38.0,no_events,14944.824946432896,0.0
314,1-803,1-803-A-16,14:09:00,veh_42785_bus,38.0,no_events,14944.824946432896,0.0
315,1-803,1-803-A-16,14:21:00,veh_42784_bus,38.0,no_events,14944.824946432896,0.0
316,1-803,1-803-A-16,14:33:00,veh_42783_bus,38.0,no_events,14944.824946432896,0.0
317,1-803,1-803-A-16,14:45:00,veh_42941_bus,40.0,no_events,14944.824946432896,0.0
318,1-803,1-803-A-16,14:54:00,veh_42831_bus,41.0,no_events,14944.824946432896,0.0
319,1-803,1-803-A-16,15:04:00,veh_42830_bus,41.0,no_events,14944.824946432896,0.0
320,1-803,1-803-A-16,15:13:00,veh_43040_bus,42.0,no_events,14944.824946432896,0.0
321,1-803,1-803-A-16,15:22:00,veh_42919_bus,43.0,no_events,14944.824946432896,0.0
322,1-803,1-803-A-16,15:31:00,veh_42856_bus,44.0,no_events,14944.824946432896,0.0
323,1-803,1-803-A-16,15:39:00,veh_43036_bus,46.0,no_events,14944.824946432896,0.0
324,1-803,1-803-A-16,15:49:00,veh_43037_bus,46.0,no_events,14944.824946432896,0.0
325,1-803,1-803-A-16,15:58:00,veh_43051_bus,47.0,no_events,14944.824946432896,0.0
326,1-803,1-803-A-16,16:09:00,veh_42845_bus,48.0,no_events,14944.824946432896,0.0
327,1-803,1-803-A-16,16:18:00,veh_42844_bus,48.0,no_events,14944.824946432896,0.0
328,1-803,1-803-A-16,16:26:00,veh_42843_bus,48.0,no_events,14944.824946432896,0.0
329,1-803,1-803-A-16,16:34:00,veh_42846_bus,48.0,no_events,14944.824946432896,0.0
330,1-803,1-803-A-16,16:43:00,veh_42842_bus,48.0,no_events,14944.824946432896,0.0
331,1-803,1-803-A-16,16:51:00,veh_42927_bus,47.0,no_events,14944.824946432896,0.0
332,1-803,1-803-A-16,17:00:00,veh_43013_bus,45.0,no_events,14944.824946432896,0.0
333,1-803,1-803-A-16,17:09:00,veh_42382_bus,43.0,no_events,14944.824946432896,0.0
334,1-803,1-803-A-16,17:18:00,veh_42940_bus,42.0,no_events,14944.824946432896,0.0
335,1-803,1-803-A-16,17:28:00,veh_43009_bus,40.0,no_events,14944.824946432896,0.0
336,1-803,1-803-A-16,17:37:00,veh_43023_bus,39.0,no_events,14944.824946432896,0.0
337,1-803,1-803-A-16,17:48:00,veh_42687_bus,38.0,no_events,14944.824946432896,0.0
338,1-803,1-803-A-16,17:55:00,veh_42979_bus,35.0,no_events,14944.824946432896,0.0
339,1-803,1-803-A-16,17:58:00,veh_42688_bus,38.0,no_events,14944.824946432896,0.0
340,1-803,1-803-A-16,18:08:00,veh_42938_bus,37.0,no_events,14944.824946432896,0.0
341,1-803,1-803-A-16,18:15:00,veh_42944_bus,33.0,no_events,14944.824946432896,0.0
342,1-803,1-803-A-16,18:18:00,veh_42939_bus,37.0,no_events,14944.824946432896,0.0
343,1-803,1-803-A-16,18:29:00,veh_42937_bus,37.0,no_events,14944.824946432896,0.0
344,1-803,1-803-A-16,18:42:00,veh_42905_bus,36.0,no_events,14944.824946432896,0.0
345,1-803,1-803-A-16,18:56:00,veh_42457_bus,35.0,no_events,14944.824946432896,0.0
346,1-803,1-803-A-16,19:11:00,veh_42456_bus,35.0,no_events,14944.824946432896,0.0
347,1-803,1-803-A-16,21:28:00,veh_42945_bus,33.0,no_events,14944.824946432896,0.0
348,1-803,1-803-A-16,24:00:00,veh_43021_bus,29.0,no_events,14944.824946432896,0.0
349,1-803,1-803-A-16,24:15:00,veh_43020_bus,29.0,no_events,14944.824946432896,0.0
350,1-803,1-803-A-16,24:30:00,veh_42995_bus,28.0,no_events,14944.824946432896,0.0
351,1-803,1-803-A-16,24:45:00,veh_42996_bus,28.0,no_events,14944.824946432896,0.0
352,1-803,1-803-A-16,25:00:00,veh_42994_bus,28.0,no_events,14944.824946432896,0.0
353,1-803,1-803-R-15,05:31:00,veh_43024_bus,36.0,35.1,15006.700307207817,14.954672697996532
354,1-803,1-803-R-15,05:45:00,veh_43025_bus,36.0,35.15,15006.700307207817,14.959816463189748
355,1-803,1-803-R-15,05:57:00,veh_43026_bus,36.0,36.333333333333336,15006.700307207817,14.886501215978193
356,1-803,1-803-R-15,06:11:00,veh_42993_bus,37.0,45.583333333333336,15006.700307207817,13.449535114004545
357,1-803,1-803-R-15,06:25:00,veh_42987_bus,38.0,48.416666666666664,15006.700307207817,14.449654219755942
358,1-803,1-803-R-15,06:35:00,veh_42143_bus,39.0,63.68333333333333,15006.700307207817,14.047689838239418
359,1-803,1-803-R-15,06:45:00,veh_43018_bus,41.0,71.33333333333333,15006.700307207817,14.101440146104355
360,1-803,1-803-R-15,06:55:00,veh_43019_bus,41.0,1319.6666666666667,15006.700307207817,4.726265787960964
361,1-803,1-803-R-15,07:03:00,veh_42172_bus,44.0,849.0166666666667,15006.700307207817,4.673318468194567
362,1-803,1-803-R-15,07:12:00,veh_42289_bus,45.0,1136.8,15006.700307207817,2.855798658633455
363,1-803,1-803-R-15,07:22:00,veh_42285_bus,45.0,1102.5833333333333,15006.700307207817,2.7917436395704365
364,1-803,1-803-R-15,07:34:00,veh_42290_bus,45.0,1098.3833333333334,15006.700307207817,2.580830950244874
365,1-803,1-803-R-15,07:42:00,veh_42286_bus,45.0,1329.7333333333333,15006.700307207817,2.5489093675291272
366,1-803,1-803-R-15,07:49:00,veh_42288_bus,45.0,881.9833333333333,15006.700307207817,2.438640037800462
367,1-803,1-803-R-15,07:57:00,veh_42997_bus,44.0,145.65,15006.700307207817,2.7834671646063
368,1-803,1-803-R-15,08:06:00,veh_42284_bus,42.0,841.7333333333333,15006.700307207817,1.929873766043681
369,1-803,1-803-R-15,08:13:00,veh_42936_bus,41.0,353.53333333333336,15006.700307207817,1.7312443328459508
370,1-803,1-803-R-15,08:22:00,veh_42709_bus,40.0,4.633333333333334,15006.700307207817,1.681283602635579
371,1-803,1-803-R-15,08:31:00,veh_42710_bus,40.0,6.5,15006.700307207817,1.5367842979190087
372,1-803,1-803-R-15,08:41:00,veh_41169_bus,39.0,6.8,15006.700307207817,1.5935567103658774
373,1-803,1-803-R-15,08:50:00,veh_41156_bus,39.0,3.933333333333333,15006.700307207817,1.5134575671023045
374,1-803,1-803-R-15,09:02:00,veh_41157_bus,39.0,20.466666666666665,15006.700307207817,1.4015070154778206
375,1-803,1-803-R-15,09:13:00,veh_41170_bus,39.0,18.85,15006.700307207817,1.5723814336620292
376,1-803,1-803-R-15,09:23:00,veh_41168_bus,39.0,282.9166666666667,15006.700307207817,1.3009590411576537
377,1-803,1-803-R-15,09:35:00,veh_41158_bus,39.0,513.8833333333333,15006.700307207817,1.195319864633931
378,1-803,1-803-R-15,09:47:00,veh_41159_bus,39.0,2.816666666666667,15006.700307207817,1.14687892238311
379,1-803,1-803-R-15,09:59:00,veh_41160_bus,39.0,3.033333333333333,15006.700307207817,1.1650237568194548
380,1-803,1-803-R-15,10:11:00,veh_41161_bus,39.0,2.5166666666666666,15006.700307207817,1.0857656020320519
381,1-803,1-803-R-15,10:23:00,veh_41167_bus,39.0,2.5166666666666666,15006.700307207817,1.0857656020320519
382,1-803,1-803-R-15,10:35:00,veh_41162_bus,39.0,207.3,15006.700307207817,0.9637527563024315
383,1-803,1-803-R-15,10:47:00,veh_41163_bus,39.0,201.33333333333334,15006.700307207817,1.0939195035502696
384,1-803,1-803-R-15,10:58:00,veh_41164_bus,39.0,192.53333333333333,15006.700307207817,1.0255235301192995
385,1-803,1-803-R-15,11:10:00,veh_41165_bus,39.0,941.45,15006.700307207817,0.9653915447512617
386,1-803,1-803-R-15,11:22:00,veh_41166_bus,39.0,0.6333333333333333,15006.700307207817,0.7675419907565554
387,1-803,1-803-R-15,11:33:00,veh_42711_bus,40.0,0.6333333333333333,15006.700307207817,0.7675419907565554
388,1-803,1-803-R-15,11:45:00,veh_42725_bus,40.0,0.6333333333333333,15006.700307207817,0.7675419907565554
389,1-803,1-803-R-15,11:57:00,veh_42712_bus,40.0,0.6333333333333333,15006.700307207817,0.7675419907565554
390,1-803,1-803-R-15,12:09:00,veh_42713_bus,40.0,0.6333333333333333,15006.700307207817,0.7675419907565554
391,1-803,1-803-R-15,12:21:00,veh_42724_bus,40.0,0.6333333333333333,15006.700307207817,0.7675419907565554
392,1-803,1-803-R-15,12:32:00,veh_42714_bus,40.0,0.6333333333333333,15006.700307207817,0.7675419907565554
393,1-803,1-803-R-15,12:45:00,veh_42715_bus,40.0,0.6333333333333333,15006.700307207817,0.7675419907565554
394,1-803,1-803-R-15,12:57:00,veh_42723_bus,40.0,0.6333333333333333,15006.700307207817,0.7675419907565554
395,1-803,1-803-R-15,13:09:00,veh_42716_bus,40.0,0.6333333333333333,15006.700307207817,0.7675419907565554
396,1-803,1-803-R-15,13:21:00,veh_42722_bus,40.0,0.6333333333333333,15006.700307207817,0.7675419907565554
397,1-803,1-803-R-15,13:33:00,veh_42717_bus,40.0,0.6333333333333333,15006.700307207817,0.7675419907565554
398,1-803,1-803-R-15,13:45:00,veh_42718_bus,40.0,546.0,15006.700307207817,0.19637133383204755
399,1-803,1-803-R-15,13:57:00,veh_42719_bus,40.0,no_events,15006.700307207817,0.0
400,1-803,1-803-R-15,14:06:00,veh_42720_bus,40.0,no_events,15006.700307207817,0.0
401,1-803,1-803-R-15,14:19:00,veh_42721_bus,40.0,no_events,15006.700307207817,0.0
402,1-803,1-803-R-15,14:32:00,veh_43030_bus,42.0,no_events,15006.700307207817,0.0
403,1-803,1-803-R-15,14:45:00,veh_43046_bus,43.0,no_events,15006.700307207817,0.0
404,1-803,1-803-R-15,14:56:00,veh_43045_bus,44.0,no_events,15006.700307207817,0.0
405,1-803,1-803-R-15,15:04:00,veh_42287_bus,45.0,no_events,15006.700307207817,0.0
406,1-803,1-803-R-15,15:13:00,veh_42230_bus,47.0,no_events,15006.700307207817,0.0
407,1-803,1-803-R-15,15:25:00,veh_42231_bus,47.0,no_events,15006.700307207817,0.0
408,1-803,1-803-R-15,15:35:00,veh_43006_bus,49.0,no_events,15006.700307207817,0.0
409,1-803,1-803-R-15,15:44:00,veh_43007_bus,49.0,no_events,15006.700307207817,0.0
410,1-803,1-803-R-15,15:54:00,veh_41129_bus,50.0,no_events,15006.700307207817,0.0
411,1-803,1-803-R-15,16:04:00,veh_41130_bus,50.0,no_events,15006.700307207817,0.0
412,1-803,1-803-R-15,16:14:00,veh_41132_bus,50.0,no_events,15006.700307207817,0.0
413,1-803,1-803-R-15,16:24:00,veh_41131_bus,50.0,no_events,15006.700307207817,0.0
414,1-803,1-803-R-15,16:34:00,veh_41128_bus,50.0,no_events,15006.700307207817,0.0
415,1-803,1-803-R-15,16:44:00,veh_43042_bus,48.0,no_events,15006.700307207817,0.0
416,1-803,1-803-R-15,16:54:00,veh_43027_bus,46.0,no_events,15006.700307207817,0.0
417,1-803,1-803-R-15,17:06:00,veh_42906_bus,44.0,no_events,15006.700307207817,0.0
418,1-803,1-803-R-15,17:16:00,veh_42923_bus,43.0,no_events,15006.700307207817,0.0
419,1-803,1-803-R-15,17:26:00,veh_42144_bus,41.0,no_events,15006.700307207817,0.0
420,1-803,1-803-R-15,17:36:00,veh_42291_bus,40.0,no_events,15006.700307207817,0.0
421,1-803,1-803-R-15,17:47:00,veh_42758_bus,39.0,no_events,15006.700307207817,0.0
422,1-803,1-803-R-15,17:56:00,veh_42757_bus,39.0,no_events,15006.700307207817,0.0
423,1-803,1-803-R-15,18:08:00,veh_42756_bus,39.0,no_events,15006.700307207817,0.0
424,1-803,1-803-R-15,18:19:00,veh_42771_bus,38.0,no_events,15006.700307207817,0.0
425,1-803,1-803-R-15,18:31:00,veh_42772_bus,38.0,no_events,15006.700307207817,0.0
426,1-803,1-803-R-15,18:44:00,veh_43043_bus,37.0,no_events,15006.700307207817,0.0
427,1-803,1-803-R-15,18:59:00,veh_43044_bus,37.0,no_events,15006.700307207817,0.0
428,1-803,1-803-R-15,19:14:00,veh_42159_bus,36.0,no_events,15006.700307207817,0.0
429,1-803,1-803-R-15,19:29:00,veh_42158_bus,36.0,no_events,15006.700307207817,0.0
430,1-803,1-803-R-15,19:44:00,veh_42157_bus,36.0,no_events,15006.700307207817,0.0
431,1-803,1-803-R-15,19:59:00,veh_42156_bus,36.0,no_events,15006.700307207817,0.0
432,1-803,1-803-R-15,20:14:00,veh_42155_bus,36.0,no_events,15006.700307207817,0.0
433,1-803,1-803-R-15,20:30:00,veh_42992_bus,35.0,no_events,15006.700307207817,0.0
434,1-803,1-803-R-15,20:46:00,veh_42991_bus,35.0,no_events,15006.700307207817,0.0
435,1-803,1-803-R-15,21:02:00,veh_42990_bus,35.0,no_events,15006.700307207817,0.0
436,1-803,1-803-R-15,21:16:00,veh_42989_bus,35.0,no_events,15006.700307207817,0.0
437,1-803,1-803-R-15,21:31:00,veh_42988_bus,35.0,no_events,15006.700307207817,0.0
438,1-803,1-803-R-15,22:36:00,veh_41137_bus,32.0,no_events,15006.700307207817,0.0
439,1-803,1-803-R-15,22:51:00,veh_41136_bus,32.0,no_events,15006.700307207817,0.0
440,1-803,1-803-R-15,23:06:00,veh_41135_bus,32.0,no_events,15006.700307207817,0.0
441,1-803,1-803-R-15,23:21:00,veh_41134_bus,32.0,no_events,15006.700307207817,0.0
442,1-803,1-803-R-15,23:37:00,veh_41133_bus,32.0,no_events,15006.700307207817,0.0
443,1-803,1-803-R-15,23:53:00,veh_42684_bus,31.0,no_events,15006.700307207817,0.0
444,1-803,1-803-R-15,24:09:00,veh_42683_bus,31.0,no_events,15006.700307207817,0.0
445,1-803,1-803-R-15,24:24:00,veh_42682_bus,31.0,no_events,15006.700307207817,0.0
446,1-803,1-803-R-15,24:38:00,veh_42685_bus,31.0,no_events,15006.700307207817,0.0
447,1-803,1-803-R-15,24:54:00,veh_42686_bus,31.0,no_events,15006.700307207817,0.0
448,1-802,1-802-A-4,05:30:00,veh_40088_bus,20.0,19.383333333333333,7595.549329631726,10.86342171663735
449,1-802,1-802-A-4,05:44:00,veh_40089_bus,20.0,19.183333333333334,7595.549329631726,11.308986319249076
450,1-802,1-802-A-4,05:58:00,veh_40087_bus,20.0,19.4,7595.549329631726,10.740271768200959
451,1-802,1-802-A-4,06:14:00,veh_40229_bus,21.0,20.183333333333334,7595.549329631726,11.203380407940397
452,1-802,1-802-A-4,06:30:00,veh_40198_bus,22.0,20.75,7595.549329631726,10.449583837366289
453,1-802,1-802-A-4,06:46:00,veh_40210_bus,24.0,22.75,7595.549329631726,10.225340513800079
454,1-802,1-802-A-4,07:00:00,veh_40222_bus,27.0,25.516666666666666,7595.549329631726,9.669562812525163
455,1-802,1-802-A-4,07:11:00,veh_40223_bus,27.0,26.266666666666666,7595.549329631726,10.41258566340747
456,1-802,1-802-A-4,07:22:00,veh_40196_bus,28.0,27.016666666666666,7595.549329631726,9.192614984109632
457,1-802,1-802-A-4,07:33:00,veh_39489_bus,29.0,33.28333333333333,7595.549329631726,8.493799042646257
458,1-802,1-802-A-4,07:44:00,veh_39488_bus,29.0,36.9,7595.549329631726,9.910552056572584
459,1-802,1-802-A-4,07:55:00,veh_39490_bus,29.0,188.43333333333334,7595.549329631726,9.282951634326254
460,1-802,1-802-A-4,08:08:00,veh_40195_bus,28.0,180.5,7595.549329631726,8.188778664656562
461,1-802,1-802-A-4,08:21:00,veh_40224_bus,27.0,170.16666666666666,7595.549329631726,7.785036559179196
462,1-802,1-802-A-4,09:57:00,veh_39999_bus,26.0,125.08333333333333,7595.549329631726,8.584841510199237
463,1-802,1-802-A-4,10:09:00,veh_39994_bus,26.0,351.8333333333333,7595.549329631726,6.419505102003094
464,1-802,1-802-A-4,10:21:00,veh_39991_bus,26.0,612.7833333333333,7595.549329631726,6.424729790959209
465,1-802,1-802-A-4,10:33:00,veh_39998_bus,26.0,331.8,7595.549329631726,2.29704624288469
466,1-802,1-802-A-4,10:45:00,veh_39993_bus,26.0,805.6833333333333,7595.549329631726,2.3142916365377233
467,1-802,1-802-A-4,10:57:00,veh_39990_bus,26.0,793.8,7595.549329631726,2.5063409096524345
468,1-802,1-802-A-4,11:33:00,veh_37872_bus,28.0,136.9,7595.549329631726,2.2744214525188253
469,1-802,1-802-A-4,11:45:00,veh_37866_bus,28.0,259.21666666666664,7595.549329631726,1.9168788205842817
470,1-802,1-802-A-4,11:56:00,veh_37879_bus,28.0,249.85,7595.549329631726,1.9535750451528058
471,1-802,1-802-A-4,12:08:00,veh_37869_bus,28.0,723.0333333333333,7595.549329631726,1.8933005671633123
472,1-802,1-802-A-4,12:20:00,veh_37864_bus,28.0,954.5333333333333,7595.549329631726,1.8654364002861727
473,1-802,1-802-A-4,12:32:00,veh_37874_bus,28.0,100.11666666666666,7595.549329631726,1.8240122500746347
474,1-802,1-802-A-4,12:44:00,veh_37877_bus,28.0,89.25,7595.549329631726,1.825045867009184
475,1-802,1-802-A-4,12:56:00,veh_37867_bus,28.0,80.08333333333333,7595.549329631726,2.0365349002175024
476,1-802,1-802-A-4,13:08:00,veh_37875_bus,28.0,71.86666666666666,7595.549329631726,2.0625282939457863
477,1-802,1-802-A-4,13:20:00,veh_37880_bus,28.0,291.23333333333335,7595.549329631726,1.7892858609023836
478,1-802,1-802-A-4,13:32:00,veh_37870_bus,28.0,281.1,7595.549329631726,1.748727897051796
479,1-802,1-802-A-4,13:44:00,veh_37865_bus,28.0,269.56666666666666,7595.549329631726,1.7482423554973372
480,1-802,1-802-A-4,13:56:00,veh_37878_bus,28.0,260.8333333333333,7595.549329631726,1.7482408369919158
481,1-802,1-802-A-4,14:08:00,veh_37873_bus,28.0,248.95,7595.549329631726,1.7482372067262923
482,1-802,1-802-A-4,14:20:00,veh_37868_bus,28.0,600.7,7595.549329631726,1.6775124557638748
483,1-802,1-802-A-4,14:32:00,veh_37876_bus,28.0,627.2166666666667,7595.549329631726,1.1045468153410152
484,1-802,1-802-A-4,14:44:00,veh_37871_bus,28.0,615.45,7595.549329631726,1.1045468159557095
485,1-802,1-802-A-4,14:56:00,veh_39331_bus,30.0,588.75,7595.549329631726,1.104546817604822
486,1-802,1-802-A-4,15:07:00,veh_39333_bus,30.0,577.5166666666667,7595.549329631726,1.1045468184268568
487,1-802,1-802-A-4,15:19:00,veh_39334_bus,30.0,565.2833333333333,7595.549329631726,1.1045468194279209
488,1-802,1-802-A-4,15:30:00,veh_40220_bus,32.0,532.3333333333334,7595.549329631726,1.4526206436296383
489,1-802,1-802-A-4,15:40:00,veh_40219_bus,32.0,522.5666666666667,7595.549329631726,1.4526206447612067
490,1-802,1-802-A-4,15:49:00,veh_40228_bus,33.0,513.1,7595.549329631726,1.452620645981287
491,1-802,1-802-A-4,15:58:00,veh_40185_bus,34.0,497.43333333333334,7595.549329631726,1.1044669313981799
492,1-802,1-802-A-4,16:08:00,veh_40184_bus,34.0,497.6166666666667,7595.549329631726,1.104512856872017
493,1-802,1-802-A-4,16:18:00,veh_40183_bus,34.0,290.26666666666665,7595.549329631726,1.1388136619353861
494,1-802,1-802-A-4,16:27:00,veh_39989_bus,26.0,293.8333333333333,7595.549329631726,1.1388224423389965
495,1-802,1-802-A-4,16:29:00,veh_40226_bus,33.0,290.0833333333333,7595.549329631726,1.138813677028405
496,1-802,1-802-A-4,16:40:00,veh_40227_bus,33.0,289.98333333333335,7595.549329631726,1.1388136853751663
497,1-802,1-802-A-4,16:42:00,veh_39988_bus,26.0,293.9166666666667,7595.549329631726,1.1388224374458917
498,1-802,1-802-A-4,16:45:00,veh_39344_bus,30.0,301.95,7595.549329631726,1.138677441908467
499,1-802,1-802-A-4,16:54:00,veh_40225_bus,31.0,290.1666666666667,7595.549329631726,1.1388136701346179
500,1-802,1-802-A-4,16:56:00,veh_39986_bus,26.0,294.1,7595.549329631726,1.1388224268045284
501,1-802,1-802-A-4,16:57:00,veh_39339_bus,30.0,303.76666666666665,7595.549329631726,1.1386773955215268
502,1-802,1-802-A-4,17:07:00,veh_39332_bus,30.0,216.8,7595.549329631726,0.0579013967731189
503,1-802,1-802-A-4,17:11:00,veh_39987_bus,26.0,294.01666666666665,7595.549329631726,1.1388224316206146
504,1-802,1-802-A-4,17:19:00,veh_37885_bus,28.0,no_events,7595.549329631726,0.0
505,1-802,1-802-A-4,17:45:00,veh_40170_bus,27.0,290.35,7595.549329631726,1.1388136551630887
506,1-802,1-802-A-4,18:02:00,veh_40169_bus,27.0,290.45,7595.549329631726,1.1388136471079302
507,1-802,1-802-A-4,18:16:00,veh_39996_bus,26.0,293.55,7595.549329631726,1.1388224592435536
508,1-802,1-802-A-4,18:30:00,veh_39995_bus,26.0,293.6333333333333,7595.549329631726,1.1388224542281566
509,1-802,1-802-A-4,18:45:00,veh_39992_bus,26.0,293.73333333333335,7595.549329631726,1.1388224482576805
510,1-802,1-802-A-4,19:00:00,veh_39997_bus,26.0,293.45,7595.549329631726,1.1388224653105619
511,1-802,1-802-A-4,19:14:00,veh_40000_bus,26.0,293.3666666666667,7595.549329631726,1.138822470407268
512,1-802,1-802-A-4,23:44:00,veh_40182_bus,21.0,no_events,7595.549329631726,0.0
513,1-802,1-802-A-4,24:00:00,veh_40212_bus,20.0,no_events,7595.549329631726,0.0
514,1-802,1-802-A-4,24:15:00,veh_40211_bus,20.0,no_events,7595.549329631726,0.0
515,1-802,1-802-A-4,24:30:00,veh_40213_bus,20.0,no_events,7595.549329631726,0.0
516,1-802,1-802-R-3,05:29:00,veh_40162_bus,21.0,20.75,7609.6660814020615,11.61104478290964
517,1-802,1-802-R-3,05:45:00,veh_40163_bus,21.0,20.25,7609.6660814020615,11.007822281690762
518,1-802,1-802-R-3,06:13:00,veh_40127_bus,25.0,25.45,7609.6660814020615,11.644988891965662
519,1-802,1-802-R-3,06:27:00,veh_40125_bus,25.0,24.116666666666667,7609.6660814020615,11.147941930813465
520,1-802,1-802-R-3,06:41:00,veh_40126_bus,25.0,25.016666666666666,7609.6660814020615,11.238669313929382
521,1-802,1-802-R-3,06:56:00,veh_40221_bus,27.0,43.85,7609.6660814020615,11.595192750572734
522,1-802,1-802-R-3,07:05:00,veh_38499_bus,29.0,53.016666666666666,7609.6660814020615,11.06970984618276
523,1-802,1-802-R-3,07:14:00,veh_39345_bus,30.0,58.81666666666667,7609.6660814020615,9.986661745425117
524,1-802,1-802-R-3,07:24:00,veh_39346_bus,30.0,68.43333333333334,7609.6660814020615,10.709520264403725
525,1-802,1-802-R-3,07:32:00,veh_40190_bus,32.0,85.21666666666667,7609.6660814020615,11.013219375389838
526,1-802,1-802-R-3,07:42:00,veh_40189_bus,32.0,88.33333333333333,7609.6660814020615,10.128334318378538
527,1-802,1-802-R-3,07:52:00,veh_40191_bus,32.0,84.95,7609.6660814020615,9.801866858473803
528,1-802,1-802-R-3,08:05:00,veh_40218_bus,30.0,91.96666666666667,7609.6660814020615,9.324908900278855
529,1-802,1-802-R-3,08:19:00,veh_40197_bus,29.0,152.86666666666667,7609.6660814020615,6.851881447926501
530,1-802,1-802-R-3,08:33:00,veh_40199_bus,28.0,155.95,7609.6660814020615,6.047999074458807
531,1-802,1-802-R-3,08:45:00,veh_40168_bus,27.0,39.983333333333334,7609.6660814020615,5.485421146950701
532,1-802,1-802-R-3,08:57:00,veh_40167_bus,27.0,39.916666666666664,7609.6660814020615,5.52342704447882
533,1-802,1-802-R-3,09:10:00,veh_40164_bus,26.0,40.11666666666667,7609.6660814020615,5.89969954651333
534,1-802,1-802-R-3,09:22:00,veh_40166_bus,26.0,40.21666666666667,7609.6660814020615,5.902299587278528
535,1-802,1-802-R-3,09:34:00,veh_40165_bus,26.0,40.15,7609.6660814020615,5.895813263966498
536,1-802,1-802-R-3,09:45:00,veh_40083_bus,27.0,39.61666666666667,7609.6660814020615,5.3030899933897135
537,1-802,1-802-R-3,09:57:00,veh_40086_bus,27.0,39.833333333333336,7609.6660814020615,5.448171415164746
538,1-802,1-802-R-3,10:09:00,veh_40084_bus,27.0,39.666666666666664,7609.6660814020615,5.325319931069087
539,1-802,1-802-R-3,10:21:00,veh_40082_bus,27.0,39.56666666666667,7609.6660814020615,5.275590463368988
540,1-802,1-802-R-3,10:33:00,veh_40085_bus,27.0,39.833333333333336,7609.6660814020615,5.326633846020742
541,1-802,1-802-R-3,10:45:00,veh_39319_bus,28.0,39.916666666666664,7609.6660814020615,5.5120500181131575
542,1-802,1-802-R-3,10:56:00,veh_39317_bus,28.0,36.166666666666664,7609.6660814020615,5.660071166734097
543,1-802,1-802-R-3,11:06:00,veh_38511_bus,29.0,42.333333333333336,7609.6660814020615,5.21829111814955
544,1-802,1-802-R-3,11:17:00,veh_38516_bus,29.0,37.06666666666667,7609.6660814020615,5.3307872853507074
545,1-802,1-802-R-3,11:29:00,veh_38502_bus,29.0,31.85,7609.6660814020615,5.192356585265312
546,1-802,1-802-R-3,11:41:00,veh_38495_bus,29.0,27.866666666666667,7609.6660814020615,6.341795241618472
547,1-802,1-802-R-3,11:53:00,veh_38514_bus,29.0,26.05,7609.6660814020615,6.41108174024878
548,1-802,1-802-R-3,12:05:00,veh_38506_bus,29.0,25.7,7609.6660814020615,6.1317842627330545
549,1-802,1-802-R-3,12:17:00,veh_38500_bus,29.0,26.583333333333332,7609.6660814020615,6.243117351076594
550,1-802,1-802-R-3,12:29:00,veh_38512_bus,29.0,25.4,7609.6660814020615,6.1967258486591135
551,1-802,1-802-R-3,12:41:00,veh_38503_bus,29.0,23.266666666666666,7609.6660814020615,3.21101179096434
552,1-802,1-802-R-3,12:53:00,veh_38496_bus,29.0,21.5,7609.6660814020615,3.2608234325090315
553,1-802,1-802-R-3,13:05:00,veh_38509_bus,29.0,19.683333333333334,7609.6660814020615,2.774945022885031
554,1-802,1-802-R-3,13:17:00,veh_38515_bus,29.0,11.583333333333334,7609.6660814020615,2.9353896471197
555,1-802,1-802-R-3,13:29:00,veh_38507_bus,29.0,4.5,7609.6660814020615,3.057528727450781
556,1-802,1-802-R-3,13:41:00,veh_38513_bus,29.0,4.316666666666666,7609.6660814020615,3.0558625449566867
557,1-802,1-802-R-3,13:53:00,veh_38517_bus,29.0,85.6,7609.6660814020615,2.7852992652436206
558,1-802,1-802-R-3,14:05:00,veh_38504_bus,29.0,792.5833333333334,7609.6660814020615,2.032431819628657
559,1-802,1-802-R-3,14:17:00,veh_38497_bus,29.0,3.3333333333333335,7609.6660814020615,2.18407472446006
560,1-802,1-802-R-3,14:28:00,veh_38510_bus,29.0,3.3333333333333335,7609.6660814020615,2.18407472446006
561,1-802,1-802-R-3,14:40:00,veh_38508_bus,29.0,3.3333333333333335,7609.6660814020615,2.18407472446006
562,1-802,1-802-R-3,14:51:00,veh_38501_bus,29.0,2.6333333333333333,7609.6660814020615,2.1725736714184958
563,1-802,1-802-R-3,15:03:00,veh_40236_bus,30.0,3.5166666666666666,7609.6660814020615,2.461030915037519
564,1-802,1-802-R-3,15:15:00,veh_40237_bus,30.0,3.3333333333333335,7609.6660814020615,2.18407472446006
565,1-802,1-802-R-3,15:26:00,veh_40186_bus,31.0,3.3333333333333335,7609.6660814020615,2.18407472446006
566,1-802,1-802-R-3,15:37:00,veh_40188_bus,31.0,3.3333333333333335,7609.6660814020615,2.18407472446006
567,1-802,1-802-R-3,15:45:00,veh_39685_bus,33.0,3.533333333333333,7609.6660814020615,2.462748932048588
568,1-802,1-802-R-3,15:55:00,veh_39686_bus,33.0,2.933333333333333,7609.6660814020615,2.1783174317705414
569,1-802,1-802-R-3,16:09:00,veh_40187_bus,31.0,3.85,7609.6660814020615,2.032280857984134
570,1-802,1-802-R-3,16:23:00,veh_40235_bus,30.0,657.85,7609.6660814020615,1.2001887377009441
571,1-802,1-802-R-3,16:35:00,veh_38518_bus,29.0,2.55,7609.6660814020615,1.4083398489926762
572,1-802,1-802-R-3,16:47:00,veh_38505_bus,29.0,2.4,7609.6660814020615,1.410517520297196
573,1-802,1-802-R-3,17:00:00,veh_38498_bus,29.0,2.4,7609.6660814020615,1.410517520297196
574,1-802,1-802-R-3,17:13:00,veh_39318_bus,28.0,2.3333333333333335,7609.6660814020615,1.1634934364997966
575,1-802,1-802-R-3,17:24:00,veh_39320_bus,28.0,1.9833333333333334,7609.6660814020615,1.3935230775875302
576,1-802,1-802-R-3,23:15:00,veh_40193_bus,21.0,1.0666666666666667,7609.6660814020615,0.3584190261884075
577,1-802,1-802-R-3,23:30:00,veh_40192_bus,21.0,1.0666666666666667,7609.6660814020615,0.3584190261884075
578,1-802,1-802-R-3,23:45:00,veh_40194_bus,21.0,1.0666666666666667,7609.6660814020615,0.3584190261884075
579,1-802,1-802-R-3,24:01:00,veh_40230_bus,20.0,no_events,7609.6660814020615,0.0
580,1-801,1-801-A-2,05:05:00,veh_37655_bus,60.0,60.266666666666666,25541.40926651639,30.711882507590516
581,1-801,1-801-A-2,05:20:00,veh_37629_bus,61.0,59.6,25541.40926651639,31.837289078392114
582,1-801,1-801-A-2,05:34:00,veh_37584_bus,62.0,65.88333333333334,25541.40926651639,29.100456304762588
583,1-801,1-801-A-2,05:46:00,veh_37485_bus,70.0,69.13333333333334,25541.40926651639,32.11514785755749
584,1-801,1-801-A-2,06:00:00,veh_35780_bus,72.0,71.91666666666667,25541.40926651639,31.442103749631283
585,1-801,1-801-A-2,06:13:00,veh_37668_bus,76.0,75.98333333333333,25541.40926651639,29.20125899642885
586,1-801,1-801-A-2,06:28:00,veh_37687_bus,78.0,111.5,25541.40926651639,29.287942507479098
587,1-801,1-801-A-2,06:37:00,veh_37622_bus,81.0,860.7,25541.40926651639,16.24654579993667
588,1-801,1-801-A-2,06:45:00,veh_37673_bus,83.0,1103.15,25541.40926651639,16.453511856429543
589,1-801,1-801-A-2,06:50:00,veh_34821_bus,88.0,287.26666666666665,25541.40926651639,16.34079842412052
590,1-801,1-801-A-2,06:58:00,veh_34822_bus,88.0,849.3166666666667,25541.40926651639,15.947301119900203
591,1-801,1-801-A-2,07:05:00,veh_37654_bus,89.0,1083.2,25541.40926651639,16.32868488319003
592,1-801,1-801-A-2,07:12:00,veh_37508_bus,90.0,165.06666666666666,25541.40926651639,7.733557707217071
593,1-801,1-801-A-2,07:19:00,veh_35523_bus,91.0,167.2,25541.40926651639,7.3675460201270315
594,1-801,1-801-A-2,07:27:00,veh_35524_bus,91.0,158.21666666666667,25541.40926651639,7.212088661216591
595,1-801,1-801-A-2,07:35:00,veh_37621_bus,90.0,125.13333333333334,25541.40926651639,7.044925227186249
596,1-801,1-801-A-2,07:43:00,veh_37628_bus,88.0,116.9,25541.40926651639,6.82602721516507
597,1-801,1-801-A-2,07:52:00,veh_37653_bus,86.0,135.66666666666666,25541.40926651639,6.797870820163456
598,1-801,1-801-A-2,08:02:00,veh_37446_bus,83.0,128.25,25541.40926651639,7.028762943183657
599,1-801,1-801-A-2,08:12:00,veh_36597_bus,82.0,120.01666666666667,25541.40926651639,7.344762007693855
600,1-801,1-801-A-2,08:24:00,veh_37683_bus,79.0,102.53333333333333,25541.40926651639,7.375993236946104
601,1-801,1-801-A-2,08:34:00,veh_37423_bus,78.0,95.73333333333333,25541.40926651639,7.052643896185542
602,1-801,1-801-A-2,08:45:00,veh_36425_bus,77.0,90.0,25541.40926651639,7.2212410369089595
603,1-801,1-801-A-2,08:55:00,veh_36426_bus,77.0,321.7,25541.40926651639,6.900599484281081
604,1-801,1-801-A-2,09:05:00,veh_36427_bus,77.0,314.98333333333335,25541.40926651639,6.459409411730206
605,1-801,1-801-A-2,09:15:00,veh_36428_bus,77.0,304.56666666666666,25541.40926651639,6.982093257056437
606,1-801,1-801-A-2,09:26:00,veh_37434_bus,76.0,1010.5,25541.40926651639,6.929771997043677
607,1-801,1-801-A-2,09:36:00,veh_37435_bus,76.0,52.8,25541.40926651639,6.030480082667916
608,1-801,1-801-A-2,09:47:00,veh_36459_bus,75.0,47.483333333333334,25541.40926651639,6.494240272605618
609,1-801,1-801-A-2,09:57:00,veh_36460_bus,75.0,40.05,25541.40926651639,6.506239207212587
610,1-801,1-801-A-2,10:07:00,veh_36461_bus,75.0,983.8333333333334,25541.40926651639,6.124656717753261
611,1-801,1-801-A-2,10:16:00,veh_37590_bus,76.0,737.1666666666666,25541.40926651639,6.205681007902929
612,1-801,1-801-A-2,10:26:00,veh_37591_bus,76.0,487.05,25541.40926651639,6.054317451134464
613,1-801,1-801-A-2,10:36:00,veh_35545_bus,77.0,24.25,25541.40926651639,5.714058760021364
614,1-801,1-801-A-2,10:46:00,veh_35546_bus,77.0,22.916666666666668,25541.40926651639,5.7860104683719795
615,1-801,1-801-A-2,10:56:00,veh_35547_bus,77.0,21.683333333333334,25541.40926651639,6.0227968308245865
616,1-801,1-801-A-2,11:06:00,veh_35548_bus,77.0,15.483333333333333,25541.40926651639,5.900434286602166
617,1-801,1-801-A-2,11:16:00,veh_35549_bus,77.0,12.216666666666667,25541.40926651639,5.869439210051749
618,1-801,1-801-A-2,11:26:00,veh_35550_bus,77.0,442.06666666666666,25541.40926651639,6.374508307504732
619,1-801,1-801-A-2,11:36:00,veh_35551_bus,77.0,433.55,25541.40926651639,5.729958795228819
620,1-801,1-801-A-2,11:45:00,veh_35757_bus,78.0,905.25,25541.40926651639,6.291071379437108
621,1-801,1-801-A-2,11:55:00,veh_35758_bus,78.0,11.9,25541.40926651639,6.757355033749281
622,1-801,1-801-A-2,12:05:00,veh_35759_bus,78.0,11.383333333333333,25541.40926651639,6.685442185549473
623,1-801,1-801-A-2,12:15:00,veh_35760_bus,78.0,11.366666666666667,25541.40926651639,6.3388576709350355
624,1-801,1-801-A-2,12:25:00,veh_35761_bus,78.0,11.316666666666666,25541.40926651639,6.67319459029947
625,1-801,1-801-A-2,12:35:00,veh_35762_bus,78.0,11.366666666666667,25541.40926651639,6.166706633000089
626,1-801,1-801-A-2,12:45:00,veh_35763_bus,78.0,12.233333333333333,25541.40926651639,5.276487053023371
627,1-801,1-801-A-2,12:55:00,veh_35764_bus,78.0,12.6,25541.40926651639,6.344500698366754
628,1-801,1-801-A-2,13:05:00,veh_35765_bus,78.0,11.366666666666667,25541.40926651639,6.013665047481843
629,1-801,1-801-A-2,13:15:00,veh_35766_bus,78.0,152.86666666666667,25541.40926651639,5.6880169085930525
630,1-801,1-801-A-2,13:25:00,veh_35767_bus,78.0,11.0,25541.40926651639,5.788552815234209
631,1-801,1-801-A-2,13:35:00,veh_35768_bus,78.0,11.0,25541.40926651639,5.057140261092359
632,1-801,1-801-A-2,13:45:00,veh_35769_bus,78.0,11.0,25541.40926651639,6.01419809967861
633,1-801,1-801-A-2,13:54:00,veh_37666_bus,79.0,11.0,25541.40926651639,6.240385912427278
634,1-801,1-801-A-2,14:04:00,veh_36510_bus,80.0,11.0,25541.40926651639,6.247685773917944
635,1-801,1-801-A-2,14:14:00,veh_37682_bus,83.0,11.0,25541.40926651639,5.475041269399965
636,1-801,1-801-A-2,14:24:00,veh_37665_bus,86.0,11.233333333333333,25541.40926651639,5.043511396938389
637,1-801,1-801-A-2,14:34:00,veh_37637_bus,88.0,11.0,25541.40926651639,5.129937562178265
638,1-801,1-801-A-2,14:44:00,veh_37650_bus,91.0,11.333333333333334,25541.40926651639,5.9341338749556805
639,1-801,1-801-A-2,14:53:00,veh_37583_bus,93.0,11.0,25541.40926651639,5.558702852036332
640,1-801,1-801-A-2,15:03:00,veh_36186_bus,94.0,11.933333333333334,25541.40926651639,5.15396719542408
641,1-801,1-801-A-2,15:13:00,veh_36187_bus,94.0,15.866666666666667,25541.40926651639,5.717735529431045
642,1-801,1-801-A-2,15:23:00,veh_36188_bus,94.0,11.766666666666667,25541.40926651639,5.416400267652952
643,1-801,1-801-A-2,15:33:00,veh_36189_bus,94.0,11.0,25541.40926651639,5.469112443650441
644,1-801,1-801-A-2,15:42:00,veh_37615_bus,94.0,11.95,25541.40926651639,5.717121345870071
645,1-801,1-801-A-2,15:51:00,veh_37603_bus,95.0,51.85,25541.40926651639,5.720311683637267
646,1-801,1-801-A-2,16:01:00,veh_37630_bus,93.0,171.93333333333334,25541.40926651639,5.512397397903689
647,1-801,1-801-A-2,16:11:00,veh_37631_bus,93.0,284.25,25541.40926651639,5.318281366753206
648,1-801,1-801-A-2,16:20:00,veh_37679_bus,91.0,277.28333333333336,25541.40926651639,4.791349979696737
649,1-801,1-801-A-2,16:30:00,veh_36511_bus,89.0,492.3666666666667,25541.40926651639,5.847613972824448
650,1-801,1-801-A-2,16:40:00,veh_37681_bus,86.0,725.8833333333333,25541.40926651639,5.701366577760661
651,1-801,1-801-A-2,16:53:00,veh_37680_bus,85.0,726.0666666666667,25541.40926651639,5.849680280169551
652,1-801,1-801-A-2,17:07:00,veh_36474_bus,82.0,712.2666666666667,25541.40926651639,4.589243243580066
653,1-801,1-801-A-2,17:20:00,veh_37674_bus,78.0,14.6,25541.40926651639,4.625268488313389
654,1-801,1-801-A-2,17:34:00,veh_37675_bus,78.0,13.0,25541.40926651639,4.496577613426229
655,1-801,1-801-A-2,17:49:00,veh_37638_bus,77.0,9.366666666666667,25541.40926651639,5.5409417727508
656,1-801,1-801-A-2,18:06:00,veh_37651_bus,75.0,9.133333333333333,25541.40926651639,4.817556014405282
657,1-801,1-801-A-2,18:21:00,veh_37595_bus,74.0,9.066666666666666,25541.40926651639,5.683271923214328
658,1-801,1-801-A-2,18:37:00,veh_36566_bus,72.0,9.266666666666667,25541.40926651639,5.437890568195395
659,1-801,1-801-A-2,18:53:00,veh_37616_bus,70.0,9.066666666666666,25541.40926651639,5.298465891060327
660,1-801,1-801-A-2,19:09:00,veh_37596_bus,69.0,8.766666666666667,25541.40926651639,5.446496039570851
661,1-801,1-801-A-2,19:24:00,veh_37597_bus,69.0,8.766666666666667,25541.40926651639,5.443312966645868
662,1-801,1-801-A-2,19:40:00,veh_37592_bus,68.0,7.766666666666667,25541.40926651639,5.420728175412018
663,1-801,1-801-A-2,19:55:00,veh_37593_bus,68.0,7.766666666666667,25541.40926651639,5.46991715787106
664,1-801,1-801-A-2,20:10:00,veh_37594_bus,68.0,7.766666666666667,25541.40926651639,5.418575235839387
665,1-801,1-801-A-2,20:26:00,veh_37652_bus,67.0,7.766666666666667,25541.40926651639,5.420728175412018
666,1-801,1-801-A-2,20:41:00,veh_37676_bus,65.0,7.766666666666667,25541.40926651639,5.422061204510083
667,1-801,1-801-A-2,20:56:00,veh_37677_bus,65.0,7.766666666666667,25541.40926651639,5.420728175412018
668,1-801,1-801-A-2,21:12:00,veh_37684_bus,63.0,7.766666666666667,25541.40926651639,5.481198350397453
669,1-801,1-801-A-2,21:27:00,veh_37678_bus,62.0,7.766666666666667,25541.40926651639,5.420728175412018
670,1-801,1-801-A-2,21:43:00,veh_37656_bus,61.0,7.766666666666667,25541.40926651639,5.455607275483737
671,1-801,1-801-A-2,21:58:00,veh_37657_bus,61.0,11.333333333333334,25541.40926651639,4.961624814730488
672,1-801,1-801-A-2,22:13:00,veh_37658_bus,61.0,150.33333333333334,25541.40926651639,5.155547555124036
673,1-801,1-801-A-2,22:28:00,veh_37659_bus,61.0,136.1,25541.40926651639,4.858076105924735
674,1-801,1-801-A-2,22:44:00,veh_37560_bus,60.0,374.85,25541.40926651639,4.441568792834372
675,1-801,1-801-A-2,22:59:00,veh_37561_bus,60.0,360.85,25541.40926651639,5.282167994992486
676,1-801,1-801-A-2,23:15:00,veh_37542_bus,59.0,346.8,25541.40926651639,4.43161266295701
677,1-801,1-801-A-2,23:30:00,veh_37543_bus,59.0,7.75,25541.40926651639,4.2795918565786835
678,1-801,1-801-A-2,23:45:00,veh_37544_bus,59.0,7.233333333333333,25541.40926651639,4.468252069477562
679,1-801,1-801-A-2,24:00:00,veh_37545_bus,59.0,7.233333333333333,25541.40926651639,5.1628654035398425
680,1-801,1-801-A-2,24:15:00,veh_37546_bus,59.0,7.233333333333333,25541.40926651639,5.1628654035398425
681,1-801,1-801-A-2,24:30:00,veh_37547_bus,59.0,7.233333333333333,25541.40926651639,5.1628654035398425
682,1-801,1-801-A-2,24:44:00,veh_37548_bus,59.0,7.233333333333333,25541.40926651639,5.1628654035398425
683,1-801,1-801-R-54,05:25:00,veh_37484_bus,66.0,67.35,26508.05953418149,31.371457725682376
684,1-801,1-801-R-54,05:40:00,veh_37617_bus,67.0,80.66666666666667,26508.05953418149,31.603450832024407
685,1-801,1-801-R-54,05:55:00,veh_37580_bus,68.0,82.0,26508.05953418149,30.830599134497064
686,1-801,1-801-R-54,06:08:00,veh_37293_bus,72.0,86.7,26508.05953418149,31.006234774351647
687,1-801,1-801-R-54,06:22:00,veh_37401_bus,75.0,109.21666666666667,26508.05953418149,29.110510515216557
688,1-801,1-801-R-54,06:33:00,veh_37581_bus,77.0,116.53333333333333,26508.05953418149,29.312178148822277
689,1-801,1-801-R-54,06:42:00,veh_37292_bus,78.0,143.85,26508.05953418149,27.08024916697585
690,1-801,1-801-R-54,06:51:00,veh_37390_bus,80.0,155.95,26508.05953418149,25.389844365359906
691,1-801,1-801-R-54,06:58:00,veh_37662_bus,82.0,170.41666666666666,26508.05953418149,25.561074729235532
692,1-801,1-801-R-54,07:05:00,veh_37649_bus,83.0,173.1,26508.05953418149,26.06997576264518
693,1-801,1-801-R-54,07:12:00,veh_37685_bus,84.0,1065.4833333333333,26508.05953418149,9.51023445608427
694,1-801,1-801-R-54,07:19:00,veh_37686_bus,85.0,no_events,26508.05953418149,0.0
695,1-801,1-801-R-54,07:26:00,veh_37661_bus,85.0,1223.9333333333334,26508.05953418149,9.441516070084754
696,1-801,1-801-R-54,07:35:00,veh_37194_bus,86.0,141.26666666666668,26508.05953418149,7.768601687089078
697,1-801,1-801-R-54,07:45:00,veh_37407_bus,87.0,151.2,26508.05953418149,7.281159796307223
698,1-801,1-801-R-54,07:55:00,veh_37553_bus,86.0,1180.65,26508.05953418149,6.5547889373151005
699,1-801,1-801-R-54,08:06:00,veh_37280_bus,85.0,no_events,26508.05953418149,0.0
700,1-801,1-801-R-54,08:17:00,veh_37468_bus,82.0,162.31666666666666,26508.05953418149,6.188112866695619
701,1-801,1-801-R-54,08:28:00,veh_37549_bus,81.0,162.71666666666667,26508.05953418149,5.983367662515095
702,1-801,1-801-R-54,08:39:00,veh_37550_bus,78.0,no_events,26508.05953418149,0.0
703,1-801,1-801-R-54,08:49:00,veh_37551_bus,78.0,188.05,26508.05953418149,6.795931975744172
704,1-801,1-801-R-54,08:59:00,veh_37552_bus,78.0,172.23333333333332,26508.05953418149,5.36818325137079
705,1-801,1-801-R-54,09:10:00,veh_37291_bus,77.0,172.96666666666667,26508.05953418149,6.186604144205816
706,1-801,1-801-R-54,09:20:00,veh_37465_bus,76.0,173.7,26508.05953418149,5.774932881882841
707,1-801,1-801-R-54,09:30:00,veh_37466_bus,76.0,no_events,26508.05953418149,0.0
708,1-801,1-801-R-54,09:40:00,veh_37467_bus,76.0,898.6833333333333,26508.05953418149,5.660176389311468
709,1-801,1-801-R-54,09:51:00,veh_37457_bus,76.0,167.51666666666668,26508.05953418149,4.65589586825072
710,1-801,1-801-R-54,10:01:00,veh_37275_bus,77.0,152.73333333333332,26508.05953418149,4.740351234036458
711,1-801,1-801-R-54,10:11:00,veh_37276_bus,77.0,143.63333333333333,26508.05953418149,4.837143808417521
712,1-801,1-801-R-54,10:21:00,veh_37277_bus,77.0,52.55,26508.05953418149,4.8901224742336336
713,1-801,1-801-R-54,10:31:00,veh_37278_bus,77.0,48.166666666666664,26508.05953418149,4.441467145206586
714,1-801,1-801-R-54,10:41:00,veh_37279_bus,77.0,56.46666666666667,26508.05953418149,4.388193011586213
715,1-801,1-801-R-54,10:51:00,veh_37463_bus,79.0,56.25,26508.05953418149,4.6175278528541925
716,1-801,1-801-R-54,11:01:00,veh_37464_bus,79.0,71.61666666666666,26508.05953418149,4.913229036786956
717,1-801,1-801-R-54,11:10:00,veh_37618_bus,81.0,67.55,26508.05953418149,4.976924281751247
718,1-801,1-801-R-54,11:20:00,veh_37619_bus,81.0,62.266666666666666,26508.05953418149,4.988698832744399
719,1-801,1-801-R-54,11:29:00,veh_37567_bus,82.0,10.816666666666666,26508.05953418149,4.7987088056143845
720,1-801,1-801-R-54,11:39:00,veh_37568_bus,82.0,no_events,26508.05953418149,0.0
721,1-801,1-801-R-54,11:49:00,veh_37569_bus,82.0,8.516666666666667,26508.05953418149,4.62942687880862
722,1-801,1-801-R-54,11:59:00,veh_37071_bus,83.0,9.316666666666666,26508.05953418149,4.677396593842647
723,1-801,1-801-R-54,12:09:00,veh_37072_bus,83.0,10.4,26508.05953418149,5.2567315201225036
724,1-801,1-801-R-54,12:19:00,veh_37073_bus,83.0,10.683333333333334,26508.05953418149,4.825297469208927
725,1-801,1-801-R-54,12:29:00,veh_37074_bus,83.0,10.333333333333334,26508.05953418149,4.4772155686283295
726,1-801,1-801-R-54,12:39:00,veh_37075_bus,83.0,215.93333333333334,26508.05953418149,4.446511404070578
727,1-801,1-801-R-54,12:49:00,veh_37076_bus,83.0,7.45,26508.05953418149,4.178577743118889
728,1-801,1-801-R-54,12:59:00,veh_37077_bus,83.0,7.566666666666666,26508.05953418149,4.293843549602489
729,1-801,1-801-R-54,13:09:00,veh_37078_bus,83.0,10.0,26508.05953418149,4.556602906002381
730,1-801,1-801-R-54,13:19:00,veh_37079_bus,83.0,8.616666666666667,26508.05953418149,4.3123372171846075
731,1-801,1-801-R-54,13:29:00,veh_37080_bus,83.0,8.933333333333334,26508.05953418149,4.470601311967834
732,1-801,1-801-R-54,13:39:00,veh_37081_bus,83.0,7.766666666666667,26508.05953418149,4.4928971567637745
733,1-801,1-801-R-54,13:49:00,veh_37082_bus,83.0,8.033333333333333,26508.05953418149,4.454855902143227
734,1-801,1-801-R-54,13:59:00,veh_37083_bus,83.0,9.383333333333333,26508.05953418149,4.445164178973911
735,1-801,1-801-R-54,14:09:00,veh_37643_bus,84.0,7.4,26508.05953418149,4.147512645010621
736,1-801,1-801-R-54,14:19:00,veh_37531_bus,85.0,9.2,26508.05953418149,4.783479940188204
737,1-801,1-801-R-54,14:29:00,veh_37529_bus,86.0,no_events,26508.05953418149,0.0
738,1-801,1-801-R-54,14:39:00,veh_37040_bus,87.0,no_events,26508.05953418149,0.0
739,1-801,1-801-R-54,14:49:00,veh_37559_bus,88.0,5.133333333333334,26508.05953418149,2.5969832431359996
740,1-801,1-801-R-54,14:57:00,veh_37530_bus,91.0,8.316666666666666,26508.05953418149,2.722214034863753
741,1-801,1-801-R-54,15:04:00,veh_36924_bus,93.0,6.6,26508.05953418149,2.810779581035942
742,1-801,1-801-R-54,15:12:00,veh_36925_bus,93.0,434.45,26508.05953418149,2.438292721732726
743,1-801,1-801-R-54,15:20:00,veh_36926_bus,93.0,485.8,26508.05953418149,2.5294460729885633
744,1-801,1-801-R-54,15:27:00,veh_37660_bus,94.0,5.633333333333334,26508.05953418149,2.1994335800022546
745,1-801,1-801-R-54,15:32:00,veh_37639_bus,94.0,4.3,26508.05953418149,1.8238126207452017
746,1-801,1-801-R-54,15:38:00,veh_37640_bus,94.0,4.25,26508.05953418149,2.171300556321439
747,1-801,1-801-R-54,15:44:00,veh_37641_bus,94.0,4.733333333333333,26508.05953418149,1.9656904621536608
748,1-801,1-801-R-54,15:49:00,veh_36922_bus,95.0,no_events,26508.05953418149,0.0
749,1-801,1-801-R-54,15:55:00,veh_36923_bus,95.0,5.0,26508.05953418149,2.330303715412774
750,1-801,1-801-R-54,16:00:00,veh_36833_bus,95.0,4.133333333333334,26508.05953418149,2.073648182728801
751,1-801,1-801-R-54,16:06:00,veh_36834_bus,95.0,4.1,26508.05953418149,2.150380140262885
752,1-801,1-801-R-54,16:13:00,veh_36835_bus,95.0,3.8,26508.05953418149,1.9259821293225539
753,1-801,1-801-R-54,16:21:00,veh_36836_bus,95.0,3.6,26508.05953418149,1.7870413825627258
754,1-801,1-801-R-54,16:29:00,veh_37620_bus,93.0,3.2,26508.05953418149,1.6175774248517292
755,1-801,1-801-R-54,16:38:00,veh_37642_bus,90.0,3.45,26508.05953418149,1.2526630282541333
756,1-801,1-801-R-54,16:47:00,veh_37582_bus,87.0,2.8333333333333335,26508.05953418149,1.425412561711726
757,1-801,1-801-R-54,16:55:00,veh_37502_bus,86.0,2.8333333333333335,26508.05953418149,1.425412561711726
758,1-801,1-801-R-54,17:03:00,veh_37501_bus,86.0,2.8333333333333335,26508.05953418149,1.425412561711726
759,1-801,1-801-R-54,17:12:00,veh_36947_bus,84.0,2.8333333333333335,26508.05953418149,1.425412561711726
760,1-801,1-801-R-54,17:22:00,veh_36948_bus,84.0,2.8333333333333335,26508.05953418149,1.425412561711726
761,1-801,1-801-R-54,17:32:00,veh_37688_bus,83.0,2.8333333333333335,26508.05953418149,1.425412561711726
762,1-801,1-801-R-54,17:43:00,veh_36989_bus,82.0,2.6666666666666665,26508.05953418149,1.3965190916755092
763,1-801,1-801-R-54,17:54:00,veh_37663_bus,80.0,2.433333333333333,26508.05953418149,1.2294335897451296
764,1-801,1-801-R-54,18:04:00,veh_37664_bus,80.0,2.183333333333333,26508.05953418149,1.112771791535555
765,1-801,1-801-R-54,18:16:00,veh_37635_bus,78.0,no_events,26508.05953418149,0.0
766,1-801,1-801-R-54,18:32:00,veh_37669_bus,77.0,2.183333333333333,26508.05953418149,1.112771791535555
767,1-801,1-801-R-54,18:48:00,veh_37314_bus,76.0,1.8,26508.05953418149,0.9298969779464491
768,1-801,1-801-R-54,19:04:00,veh_36472_bus,74.0,1.8,26508.05953418149,0.9298969779464491
769,1-801,1-801-R-54,19:19:00,veh_36473_bus,74.0,415.46666666666664,26508.05953418149,0.3137644819423359
770,1-801,1-801-R-54,19:34:00,veh_37609_bus,73.0,no_events,26508.05953418149,0.0
771,1-801,1-801-R-54,19:50:00,veh_37632_bus,72.0,no_events,26508.05953418149,0.0
772,1-801,1-801-R-54,20:06:00,veh_37503_bus,71.0,no_events,26508.05953418149,0.0
773,1-801,1-801-R-54,20:21:00,veh_37504_bus,71.0,no_events,26508.05953418149,0.0
774,1-801,1-801-R-54,20:36:00,veh_37505_bus,71.0,no_events,26508.05953418149,0.0
775,1-801,1-801-R-54,20:51:00,veh_37506_bus,71.0,no_events,26508.05953418149,0.0
776,1-801,1-801-R-54,21:06:00,veh_37507_bus,71.0,no_events,26508.05953418149,0.0
777,1-801,1-801-R-54,21:21:00,veh_36517_bus,70.0,no_events,26508.05953418149,0.0
778,1-801,1-801-R-54,21:36:00,veh_37672_bus,68.0,no_events,26508.05953418149,0.0
779,1-801,1-801-R-54,21:51:00,veh_37633_bus,67.0,no_events,26508.05953418149,0.0
780,1-801,1-801-R-54,22:06:00,veh_37634_bus,67.0,no_events,26508.05953418149,0.0
781,1-801,1-801-R-54,22:23:00,veh_37670_bus,65.0,no_events,26508.05953418149,0.0
782,1-801,1-801-R-54,22:38:00,veh_37671_bus,65.0,no_events,26508.05953418149,0.0
783,1-801,1-801-R-54,22:53:00,veh_37636_bus,64.0,no_events,26508.05953418149,0.0
784,1-801,1-801-R-54,23:09:00,veh_37667_bus,63.0,no_events,26508.05953418149,0.0
785,1-801,1-801-R-54,23:25:00,veh_36518_bus,61.0,no_events,26508.05953418149,0.0
786,1-801,1-801-R-54,23:40:00,veh_36519_bus,61.0,no_events,26508.05953418149,0.0
787,1-801,1-801-R-54,23:55:00,veh_36520_bus,61.0,no_events,26508.05953418149,0.0
788,1-801,1-801-R-54,24:10:00,veh_36521_bus,61.0,no_events,26508.05953418149,0.0
789,1-801,1-801-R-54,24:25:00,veh_36522_bus,61.0,no_events,26508.05953418149,0.0
790,1-801,1-801-R-54,24:40:00,veh_36523_bus,61.0,no_events,26508.05953418149,0.0
791,1-801,1-801-R-54,24:55:00,veh_36524_bus,61.0,no_events,26508.05953418149,0.0
792,1-801,1-801-R-54,25:10:00,veh_36525_bus,61.0,no_events,26508.05953418149,0.0
793,1-800,1-800-A-14,05:12:00,veh_34549_bus,62.0,62.13333333333333,25856.794672916614,28.759805329244596
794,1-800,1-800-A-14,05:27:00,veh_34550_bus,62.0,60.6,25856.794672916614,29.081761388203265
795,1-800,1-800-A-14,05:41:00,veh_33953_bus,66.0,65.98333333333333,25856.794672916614,28.62723977038571
796,1-800,1-800-A-14,05:55:00,veh_34599_bus,69.0,68.61666666666666,25856.794672916614,28.72628548780298
797,1-800,1-800-A-14,06:08:00,veh_33960_bus,73.0,71.43333333333334,25856.794672916614,28.537968069329168
798,1-800,1-800-A-14,06:22:00,veh_34563_bus,76.0,79.43333333333334,25856.794672916614,28.526630486752946
799,1-800,1-800-A-14,06:33:00,veh_34600_bus,80.0,95.2,25856.794672916614,26.98236105282438
800,1-800,1-800-A-14,06:42:00,veh_34575_bus,81.0,91.81666666666666,25856.794672916614,27.63538476773955
801,1-800,1-800-A-14,06:49:00,veh_34555_bus,85.0,88.6,25856.794672916614,25.929516734439193
802,1-800,1-800-A-14,06:55:00,veh_33954_bus,87.0,96.15,25856.794672916614,24.45973276254294
803,1-800,1-800-A-14,07:02:00,veh_34520_bus,88.0,111.23333333333333,25856.794672916614,26.20435007490724
804,1-800,1-800-A-14,07:08:00,veh_33816_bus,90.0,110.6,25856.794672916614,24.341934581247312
805,1-800,1-800-A-14,07:16:00,veh_33815_bus,90.0,294.9,25856.794672916614,25.465670490562548
806,1-800,1-800-A-14,07:24:00,veh_33814_bus,90.0,1260.7333333333333,25856.794672916614,14.973335446832433
807,1-800,1-800-A-14,07:32:00,veh_33813_bus,90.0,223.5,25856.794672916614,14.713563264812331
808,1-800,1-800-A-14,07:39:00,veh_33817_bus,89.0,234.61666666666667,25856.794672916614,15.213218290399615
809,1-800,1-800-A-14,07:47:00,veh_34472_bus,88.0,237.23333333333332,25856.794672916614,14.564873598906578
810,1-800,1-800-A-14,07:55:00,veh_34604_bus,86.0,471.21666666666664,25856.794672916614,14.50818753020396
811,1-800,1-800-A-14,08:06:00,veh_34572_bus,83.0,955.5666666666667,25856.794672916614,13.739837645792683
812,1-800,1-800-A-14,08:16:00,veh_34620_bus,82.0,244.56666666666666,25856.794672916614,14.580484332758726
813,1-800,1-800-A-14,08:28:00,veh_34605_bus,80.0,238.83333333333334,25856.794672916614,15.211864207986457
814,1-800,1-800-A-14,08:38:00,veh_33818_bus,79.0,230.63333333333333,25856.794672916614,14.724428471083513
815,1-800,1-800-A-14,08:49:00,veh_34461_bus,78.0,229.46666666666667,25856.794672916614,14.610941404311149
816,1-800,1-800-A-14,09:00:00,veh_33920_bus,77.0,222.13333333333333,25856.794672916614,14.646496208404129
817,1-800,1-800-A-14,09:10:00,veh_33919_bus,77.0,212.28333333333333,25856.794672916614,14.395670049875212
818,1-800,1-800-A-14,09:20:00,veh_33918_bus,77.0,207.25,25856.794672916614,14.189901755006558
819,1-800,1-800-A-14,09:31:00,veh_34489_bus,76.0,199.13333333333333,25856.794672916614,13.865442272537202
820,1-800,1-800-A-14,09:41:00,veh_34488_bus,76.0,1152.6,25856.794672916614,13.388871098367877
821,1-800,1-800-A-14,09:51:00,veh_34487_bus,76.0,184.08333333333334,25856.794672916614,14.09086450928682
822,1-800,1-800-A-14,10:01:00,veh_34486_bus,76.0,177.16666666666666,25856.794672916614,13.577647976169906
823,1-800,1-800-A-14,10:10:00,veh_33922_bus,77.0,171.78333333333333,25856.794672916614,14.761557148779215
824,1-800,1-800-A-14,10:20:00,veh_33921_bus,77.0,164.01666666666668,25856.794672916614,14.32373589892119
825,1-800,1-800-A-14,10:30:00,veh_34413_bus,78.0,159.38333333333333,25856.794672916614,14.115349331241102
826,1-800,1-800-A-14,10:40:00,veh_34412_bus,78.0,153.0,25856.794672916614,14.086547210261092
827,1-800,1-800-A-14,10:50:00,veh_34411_bus,78.0,144.55,25856.794672916614,14.32489492819881
828,1-800,1-800-A-14,11:00:00,veh_34410_bus,78.0,134.51666666666668,25856.794672916614,14.850544102923749
829,1-800,1-800-A-14,11:10:00,veh_34409_bus,78.0,133.01666666666668,25856.794672916614,13.931957258339926
830,1-800,1-800-A-14,11:19:00,veh_34011_bus,79.0,125.66666666666667,25856.794672916614,13.858366009395201
831,1-800,1-800-A-14,11:29:00,veh_34010_bus,79.0,118.45,25856.794672916614,14.53753168122907
832,1-800,1-800-A-14,11:39:00,veh_34009_bus,79.0,111.61666666666666,25856.794672916614,14.128724286647806
833,1-800,1-800-A-14,11:49:00,veh_34008_bus,79.0,103.93333333333334,25856.794672916614,14.948197396322309
834,1-800,1-800-A-14,11:59:00,veh_34007_bus,79.0,98.25,25856.794672916614,14.282011015726033
835,1-800,1-800-A-14,12:09:00,veh_34006_bus,79.0,1005.1666666666666,25856.794672916614,15.05429563590811
836,1-800,1-800-A-14,12:19:00,veh_34005_bus,79.0,997.1333333333333,25856.794672916614,14.842610988496467
837,1-800,1-800-A-14,12:29:00,veh_34004_bus,79.0,72.8,25856.794672916614,13.99405132400331
838,1-800,1-800-A-14,12:39:00,veh_34003_bus,79.0,64.33333333333333,25856.794672916614,13.569260181147435
839,1-800,1-800-A-14,12:49:00,veh_34002_bus,79.0,57.0,25856.794672916614,13.433087843377878
840,1-800,1-800-A-14,12:59:00,veh_34001_bus,79.0,50.05,25856.794672916614,14.35692890814851
841,1-800,1-800-A-14,13:09:00,veh_34000_bus,79.0,44.6,25856.794672916614,14.641317666408684
842,1-800,1-800-A-14,13:19:00,veh_33999_bus,79.0,42.28333333333333,25856.794672916614,15.341010555755885
843,1-800,1-800-A-14,13:29:00,veh_33998_bus,79.0,155.56666666666666,25856.794672916614,7.934577875667406
844,1-800,1-800-A-14,13:39:00,veh_33997_bus,79.0,152.73333333333332,25856.794672916614,7.18898633595195
845,1-800,1-800-A-14,13:49:00,veh_33996_bus,79.0,811.2833333333333,25856.794672916614,6.9838381161474095
846,1-800,1-800-A-14,13:59:00,veh_33995_bus,79.0,143.86666666666667,25856.794672916614,6.9947460144214055
847,1-800,1-800-A-14,14:08:00,veh_34559_bus,82.0,137.26666666666668,25856.794672916614,6.450475232078563
848,1-800,1-800-A-14,14:18:00,veh_34614_bus,85.0,132.55,25856.794672916614,6.935725293030413
849,1-800,1-800-A-14,14:28:00,veh_34618_bus,89.0,127.28333333333333,25856.794672916614,7.266173627918512
850,1-800,1-800-A-14,14:38:00,veh_34591_bus,92.0,122.38333333333334,25856.794672916614,6.9441279023922045
851,1-800,1-800-A-14,14:48:00,veh_34590_bus,92.0,117.56666666666666,25856.794672916614,6.865378816409715
852,1-800,1-800-A-14,14:57:00,veh_34606_bus,94.0,111.56666666666666,25856.794672916614,6.857649855344155
853,1-800,1-800-A-14,15:07:00,veh_34186_bus,95.0,111.15,25856.794672916614,7.143389811146236
854,1-800,1-800-A-14,15:17:00,veh_34188_bus,95.0,104.51666666666667,25856.794672916614,7.157224758387848
855,1-800,1-800-A-14,15:27:00,veh_34187_bus,95.0,98.48333333333333,25856.794672916614,6.73514782771635
856,1-800,1-800-A-14,15:36:00,veh_34587_bus,96.0,92.43333333333334,25856.794672916614,6.819635556849535
857,1-800,1-800-A-14,15:45:00,veh_34567_bus,96.0,265.68333333333334,25856.794672916614,6.447908991133315
858,1-800,1-800-A-14,15:55:00,veh_34568_bus,96.0,490.8333333333333,25856.794672916614,6.866157034085551
859,1-800,1-800-A-14,16:05:00,veh_34424_bus,94.0,485.55,25856.794672916614,6.2628036312189606
860,1-800,1-800-A-14,16:15:00,veh_34597_bus,92.0,483.2,25856.794672916614,6.473858852330045
861,1-800,1-800-A-14,16:25:00,veh_34501_bus,89.0,476.93333333333334,25856.794672916614,6.3216248717777015
862,1-800,1-800-A-14,16:35:00,veh_34500_bus,87.0,469.15,25856.794672916614,6.210051976382753
863,1-800,1-800-A-14,16:47:00,veh_34519_bus,85.0,465.78333333333336,25856.794672916614,6.226387029336514
864,1-800,1-800-A-14,17:01:00,veh_34601_bus,82.0,456.7,25856.794672916614,6.540218496442333
865,1-800,1-800-A-14,17:13:00,veh_34589_bus,81.0,450.76666666666665,25856.794672916614,6.621396652543045
866,1-800,1-800-A-14,17:26:00,veh_34553_bus,79.0,441.5,25856.794672916614,6.464699843289538
867,1-800,1-800-A-14,17:42:00,veh_34562_bus,78.0,429.23333333333335,25856.794672916614,6.5327950146197695
868,1-800,1-800-A-14,17:59:00,veh_34551_bus,75.0,419.4,25856.794672916614,6.655836172263437
869,1-800,1-800-A-14,18:14:00,veh_34552_bus,75.0,408.26666666666665,25856.794672916614,6.664920206839591
870,1-800,1-800-A-14,18:31:00,veh_34518_bus,71.0,397.5,25856.794672916614,6.514917157849411
871,1-800,1-800-A-14,18:46:00,veh_34592_bus,70.0,385.53333333333336,25856.794672916614,6.340877832947067
872,1-800,1-800-A-14,19:02:00,veh_34089_bus,69.0,375.2,25856.794672916614,6.249286279013756
873,1-800,1-800-A-14,19:18:00,veh_34612_bus,68.0,364.26666666666665,25856.794672916614,6.120004379323257
874,1-800,1-800-A-14,19:33:00,veh_34611_bus,68.0,355.8666666666667,25856.794672916614,6.004958670367994
875,1-800,1-800-A-14,19:49:00,veh_34517_bus,67.0,346.5833333333333,25856.794672916614,6.318079129374884
876,1-800,1-800-A-14,20:04:00,veh_34515_bus,67.0,336.4,25856.794672916614,6.105019369257423
877,1-800,1-800-A-14,20:19:00,veh_34516_bus,67.0,322.1666666666667,25856.794672916614,6.113954752008976
878,1-800,1-800-A-14,20:34:00,veh_34189_bus,66.0,318.1333333333333,25856.794672916614,6.113946809359941
879,1-800,1-800-A-14,20:49:00,veh_34616_bus,65.0,310.6,25856.794672916614,6.181672325110692
880,1-800,1-800-A-14,21:05:00,veh_34460_bus,63.0,299.5,25856.794672916614,6.133974668745076
881,1-800,1-800-A-14,21:20:00,veh_34594_bus,62.0,288.23333333333335,25856.794672916614,6.08104588109669
882,1-800,1-800-A-14,21:35:00,veh_34593_bus,62.0,276.96666666666664,25856.794672916614,5.847774051268915
883,1-800,1-800-A-14,21:51:00,veh_34548_bus,61.0,264.7,25856.794672916614,5.892978819187967
884,1-800,1-800-A-14,22:06:00,veh_34546_bus,61.0,252.73333333333332,25856.794672916614,5.85609703119395
885,1-800,1-800-A-14,22:21:00,veh_34547_bus,61.0,241.76666666666668,25856.794672916614,5.90682632193733
886,1-800,1-800-A-14,22:37:00,veh_34556_bus,60.0,229.9,25856.794672916614,6.05968764895168
887,1-800,1-800-A-14,22:52:00,veh_34558_bus,60.0,218.63333333333333,25856.794672916614,5.952763169743278
888,1-800,1-800-A-14,23:07:00,veh_34557_bus,60.0,206.96666666666667,25856.794672916614,5.746237327057864
889,1-800,1-800-A-14,23:23:00,veh_33916_bus,59.0,192.76666666666668,25856.794672916614,5.340808701827564
890,1-800,1-800-A-14,23:38:00,veh_33912_bus,59.0,181.5,25856.794672916614,5.342584902428241
891,1-800,1-800-A-14,23:53:00,veh_33915_bus,59.0,168.13333333333333,25856.794672916614,5.340130499985349
892,1-800,1-800-A-14,24:08:00,veh_33913_bus,59.0,159.08333333333334,25856.794672916614,5.3494064930181855
893,1-800,1-800-A-14,24:23:00,veh_33914_bus,59.0,147.7,25856.794672916614,5.513244521404384
894,1-800,1-800-A-14,24:37:00,veh_33917_bus,59.0,137.43333333333334,25856.794672916614,5.670357556435094
895,1-800,1-800-R-13,05:18:00,veh_34462_bus,60.0,60.55,25618.257552746287,27.474592650262636
896,1-800,1-800-R-13,05:33:00,veh_33961_bus,61.0,60.983333333333334,25618.257552746287,27.2242620139362
897,1-800,1-800-R-13,05:48:00,veh_34485_bus,63.0,65.56666666666666,25618.257552746287,26.49957075902091
898,1-800,1-800-R-13,06:03:00,veh_34588_bus,65.0,67.6,25618.257552746287,27.72363024947404
899,1-800,1-800-R-13,06:16:00,veh_34574_bus,68.0,65.78333333333333,25618.257552746287,27.989542302203134
900,1-800,1-800-R-13,06:28:00,veh_34471_bus,73.0,69.96666666666667,25618.257552746287,26.2501946961922
901,1-800,1-800-R-13,06:37:00,veh_34595_bus,74.0,78.8,25618.257552746287,24.279832263881982
902,1-800,1-800-R-13,06:46:00,veh_34576_bus,76.0,84.71666666666667,25618.257552746287,24.030407936146048
903,1-800,1-800-R-13,06:54:00,veh_34502_bus,77.0,104.93333333333334,25618.257552746287,23.316782302992245
904,1-800,1-800-R-13,07:02:00,veh_34619_bus,78.0,no_events,25618.257552746287,0.0
905,1-800,1-800-R-13,07:08:00,veh_34603_bus,81.0,no_events,25618.257552746287,0.0
906,1-800,1-800-R-13,07:16:00,veh_34602_bus,81.0,1061.7666666666667,25618.257552746287,9.262077753760629
907,1-800,1-800-R-13,07:23:00,veh_33972_bus,82.0,1226.35,25618.257552746287,9.110126264262805
908,1-800,1-800-R-13,07:30:00,veh_34468_bus,83.0,740.9166666666666,25618.257552746287,8.54631224948242
909,1-800,1-800-R-13,07:40:00,veh_34580_bus,83.0,no_events,25618.257552746287,0.0
910,1-800,1-800-R-13,07:50:00,veh_34581_bus,83.0,225.26666666666668,25618.257552746287,6.1002245096811105
911,1-800,1-800-R-13,08:01:00,veh_34564_bus,80.0,no_events,25618.257552746287,0.0
912,1-800,1-800-R-13,08:11:00,veh_34586_bus,79.0,163.35,25618.257552746287,6.464363097896109
913,1-800,1-800-R-13,08:23:00,veh_34573_bus,77.0,165.66666666666666,25618.257552746287,6.419382840124957
914,1-800,1-800-R-13,08:33:00,veh_34565_bus,76.0,191.03333333333333,25618.257552746287,6.058529321443942
915,1-800,1-800-R-13,08:44:00,veh_33874_bus,74.0,415.6333333333333,25618.257552746287,6.155920768206475
916,1-800,1-800-R-13,08:54:00,veh_33875_bus,74.0,172.9,25618.257552746287,5.54063877860136
917,1-800,1-800-R-13,09:04:00,veh_33876_bus,74.0,no_events,25618.257552746287,0.0
918,1-800,1-800-R-13,09:15:00,veh_34585_bus,73.0,171.46666666666667,25618.257552746287,5.600469830465696
919,1-800,1-800-R-13,09:25:00,veh_34577_bus,72.0,181.1,25618.257552746287,5.86700701141746
920,1-800,1-800-R-13,09:35:00,veh_34578_bus,72.0,177.26666666666668,25618.257552746287,5.926046167395046
921,1-800,1-800-R-13,09:45:00,veh_34579_bus,72.0,168.2,25618.257552746287,5.445935576772056
922,1-800,1-800-R-13,09:56:00,veh_33988_bus,72.0,1121.7666666666667,25618.257552746287,5.12210882233725
923,1-800,1-800-R-13,10:06:00,veh_33989_bus,72.0,1108.1333333333334,25618.257552746287,4.850629296569234
924,1-800,1-800-R-13,10:16:00,veh_33990_bus,72.0,53.56666666666667,25618.257552746287,4.5292205545443425
925,1-800,1-800-R-13,10:26:00,veh_33991_bus,72.0,48.0,25618.257552746287,4.872998633657149
926,1-800,1-800-R-13,10:36:00,veh_33992_bus,72.0,56.333333333333336,25618.257552746287,4.575338147677382
927,1-800,1-800-R-13,10:46:00,veh_34596_bus,73.0,55.983333333333334,25618.257552746287,4.360904312152152
928,1-800,1-800-R-13,10:56:00,veh_34582_bus,74.0,64.01666666666667,25618.257552746287,4.52651755984051
929,1-800,1-800-R-13,11:05:00,veh_34561_bus,75.0,76.01666666666667,25618.257552746287,4.98768186472145
930,1-800,1-800-R-13,11:15:00,veh_33993_bus,76.0,67.01666666666667,25618.257552746287,4.9635507134494254
931,1-800,1-800-R-13,11:25:00,veh_33994_bus,76.0,7.85,25618.257552746287,4.362471817549596
932,1-800,1-800-R-13,11:34:00,veh_32830_bus,77.0,7.85,25618.257552746287,4.362471817549596
933,1-800,1-800-R-13,11:44:00,veh_32831_bus,77.0,no_events,25618.257552746287,0.0
934,1-800,1-800-R-13,11:54:00,veh_32832_bus,77.0,8.2,25618.257552746287,4.886399434835415
935,1-800,1-800-R-13,12:04:00,veh_32833_bus,77.0,9.066666666666666,25618.257552746287,4.752768114041117
936,1-800,1-800-R-13,12:14:00,veh_32834_bus,77.0,9.516666666666667,25618.257552746287,5.095720125330983
937,1-800,1-800-R-13,12:24:00,veh_32835_bus,77.0,8.6,25618.257552746287,4.709008470482929
938,1-800,1-800-R-13,12:34:00,veh_32836_bus,77.0,8.033333333333333,25618.257552746287,4.529475327661995
939,1-800,1-800-R-13,12:44:00,veh_32837_bus,77.0,10.116666666666667,25618.257552746287,4.678139497863823
940,1-800,1-800-R-13,12:54:00,veh_32788_bus,78.0,7.716666666666667,25618.257552746287,4.351813926236546
941,1-800,1-800-R-13,13:04:00,veh_32789_bus,78.0,no_events,25618.257552746287,0.0
942,1-800,1-800-R-13,13:14:00,veh_32790_bus,78.0,8.433333333333334,25618.257552746287,4.447516059103246
943,1-800,1-800-R-13,13:24:00,veh_32791_bus,78.0,7.483333333333333,25618.257552746287,4.225248370392878
944,1-800,1-800-R-13,13:34:00,veh_32792_bus,78.0,8.233333333333333,25618.257552746287,4.466597101693167
945,1-800,1-800-R-13,13:44:00,veh_32793_bus,78.0,9.7,25618.257552746287,4.253705263196427
946,1-800,1-800-R-13,13:54:00,veh_32794_bus,78.0,8.116666666666667,25618.257552746287,4.248780056921998
947,1-800,1-800-R-13,14:04:00,veh_32795_bus,78.0,no_events,25618.257552746287,0.0
948,1-800,1-800-R-13,14:14:00,veh_34560_bus,80.0,7.966666666666667,25618.257552746287,4.401555744861383
949,1-800,1-800-R-13,14:24:00,veh_31995_bus,81.0,264.35,25618.257552746287,3.196724499275255
950,1-800,1-800-R-13,14:34:00,veh_34474_bus,84.0,8.766666666666667,25618.257552746287,2.9604794535197625
951,1-800,1-800-R-13,14:44:00,veh_32241_bus,85.0,5.233333333333333,25618.257552746287,2.669809839489602
952,1-800,1-800-R-13,14:54:00,veh_32242_bus,85.0,no_events,25618.257552746287,0.0
953,1-800,1-800-R-13,15:00:00,veh_34473_bus,89.0,7.9,25618.257552746287,2.851259833854977
954,1-800,1-800-R-13,15:08:00,veh_34569_bus,90.0,440.5833333333333,25618.257552746287,2.349363091364181
955,1-800,1-800-R-13,15:16:00,veh_34571_bus,90.0,245.88333333333333,25618.257552746287,2.4367709353802267
956,1-800,1-800-R-13,15:24:00,veh_34570_bus,90.0,no_events,25618.257552746287,0.0
957,1-800,1-800-R-13,15:30:00,veh_34617_bus,90.0,4.4,25618.257552746287,1.8236986223352403
958,1-800,1-800-R-13,15:35:00,veh_32920_bus,91.0,4.0,25618.257552746287,1.996350015436522
959,1-800,1-800-R-13,15:41:00,veh_32918_bus,91.0,4.0,25618.257552746287,1.996350015436522
960,1-800,1-800-R-13,15:47:00,veh_32919_bus,91.0,no_events,25618.257552746287,0.0
961,1-800,1-800-R-13,15:52:00,veh_34598_bus,92.0,5.0,25618.257552746287,2.1574862295149715
962,1-800,1-800-R-13,15:57:00,veh_34469_bus,93.0,no_events,25618.257552746287,0.0
963,1-800,1-800-R-13,16:03:00,veh_34470_bus,93.0,3.8,25618.257552746287,1.9259821293225539
964,1-800,1-800-R-13,16:09:00,veh_34522_bus,92.0,3.8333333333333335,25618.257552746287,1.9774764905063031
965,1-800,1-800-R-13,16:17:00,veh_34523_bus,92.0,4.5,25618.257552746287,2.2424658881621418
966,1-800,1-800-R-13,16:25:00,veh_34566_bus,91.0,4.366666666666666,25618.257552746287,2.1567193871265116
967,1-800,1-800-R-13,16:34:00,veh_34524_bus,88.0,2.8333333333333335,25618.257552746287,1.425412561711726
968,1-800,1-800-R-13,16:43:00,veh_34028_bus,85.0,2.8333333333333335,25618.257552746287,1.425412561711726
969,1-800,1-800-R-13,16:51:00,veh_34240_bus,83.0,2.8333333333333335,25618.257552746287,1.425412561711726
970,1-800,1-800-R-13,16:59:00,veh_34241_bus,83.0,2.8333333333333335,25618.257552746287,1.425412561711726
971,1-800,1-800-R-13,17:08:00,veh_34607_bus,82.0,2.8333333333333335,25618.257552746287,1.425412561711726
972,1-800,1-800-R-13,17:17:00,veh_34584_bus,81.0,3.4833333333333334,25618.257552746287,1.6629695403603584
973,1-800,1-800-R-13,17:27:00,veh_34615_bus,80.0,2.8333333333333335,25618.257552746287,1.425412561711726
974,1-800,1-800-R-13,17:38:00,veh_34609_bus,79.0,2.8666666666666667,25618.257552746287,1.4769069228954752
975,1-800,1-800-R-13,17:49:00,veh_34583_bus,78.0,2.433333333333333,25618.257552746287,1.2294335897451296
976,1-800,1-800-R-13,17:59:00,veh_34613_bus,77.0,no_events,25618.257552746287,0.0
977,1-800,1-800-R-13,18:09:00,veh_34608_bus,76.0,2.183333333333333,25618.257552746287,1.112771791535555
978,1-800,1-800-R-13,18:24:00,veh_34012_bus,75.0,2.183333333333333,25618.257552746287,1.112771791535555
979,1-800,1-800-R-13,18:41:00,veh_34160_bus,73.0,2.183333333333333,25618.257552746287,1.112771791535555
980,1-800,1-800-R-13,18:57:00,veh_34513_bus,72.0,1.8,25618.257552746287,0.9298969779464491
981,1-800,1-800-R-13,19:12:00,veh_34514_bus,72.0,1.4833333333333334,25618.257552746287,0.7747205268791566
982,1-800,1-800-R-13,19:27:00,veh_34554_bus,71.0,no_events,25618.257552746287,0.0
983,1-800,1-800-R-13,19:43:00,veh_34521_bus,70.0,no_events,25618.257552746287,0.0
984,1-800,1-800-R-13,19:59:00,veh_31739_bus,69.0,no_events,25618.257552746287,0.0
985,1-800,1-800-R-13,20:14:00,veh_31740_bus,69.0,no_events,25618.257552746287,0.0
986,1-800,1-800-R-13,20:29:00,veh_31741_bus,69.0,no_events,25618.257552746287,0.0
987,1-800,1-800-R-13,20:44:00,veh_31742_bus,69.0,no_events,25618.257552746287,0.0
988,1-800,1-800-R-13,20:59:00,veh_31743_bus,69.0,no_events,25618.257552746287,0.0
989,1-800,1-800-R-13,21:14:00,veh_31744_bus,69.0,no_events,25618.257552746287,0.0
990,1-800,1-800-R-13,21:29:00,veh_34610_bus,67.0,no_events,25618.257552746287,0.0
991,1-800,1-800-R-13,21:44:00,veh_33011_bus,66.0,no_events,25618.257552746287,0.0
992,1-800,1-800-R-13,21:59:00,veh_33012_bus,66.0,no_events,25618.257552746287,0.0
993,1-800,1-800-R-13,22:16:00,veh_34362_bus,63.0,no_events,25618.257552746287,0.0
994,1-800,1-800-R-13,22:31:00,veh_34363_bus,63.0,no_events,25618.257552746287,0.0
995,1-800,1-800-R-13,22:46:00,veh_32816_bus,62.0,no_events,25618.257552746287,0.0
996,1-800,1-800-R-13,23:02:00,veh_34545_bus,61.0,no_events,25618.257552746287,0.0
997,1-800,1-800-R-13,23:18:00,veh_32817_bus,59.0,no_events,25618.257552746287,0.0
998,1-800,1-800-R-13,23:33:00,veh_32818_bus,59.0,no_events,25618.257552746287,0.0
999,1-800,1-800-R-13,23:48:00,veh_32819_bus,59.0,no_events,25618.257552746287,0.0
1000,1-800,1-800-R-13,24:03:00,veh_32820_bus,59.0,no_events,25618.257552746287,0.0
1001,1-800,1-800-R-13,24:18:00,veh_32821_bus,59.0,no_events,25618.257552746287,0.0
1002,1-800,1-800-R-13,24:33:00,veh_32822_bus,59.0,no_events,25618.257552746287,0.0
1003,1-800,1-800-R-13,24:48:00,veh_32823_bus,59.0,no_events,25618.257552746287,0.0
1004,1-800,1-800-R-13,25:03:00,veh_32824_bus,59.0,no_events,25618.257552746287,0.0
1005,1-807,1-807-A-89,05:13:00,veh_48039_bus,27.0,26.15,12909.56202207381,14.610615367097813
1006,1-807,1-807-A-89,05:28:00,veh_48038_bus,27.0,24.816666666666666,12909.56202207381,13.711272116351154
1007,1-807,1-807-A-89,05:42:00,veh_48005_bus,29.0,26.916666666666668,12909.56202207381,13.598964138696342
1008,1-807,1-807-A-89,05:57:00,veh_48006_bus,29.0,27.583333333333332,12909.56202207381,13.94439928786151
1009,1-807,1-807-A-89,06:12:00,veh_48022_bus,31.0,29.816666666666666,12909.56202207381,14.479777538487182
1010,1-807,1-807-A-89,06:27:00,veh_47719_bus,33.0,32.56666666666667,12909.56202207381,14.623135844856817
1011,1-807,1-807-A-89,06:43:00,veh_48023_bus,34.0,36.86666666666667,12909.56202207381,10.986930553868868
1012,1-807,1-807-A-89,06:49:00,veh_47703_bus,35.0,no_events,12909.56202207381,0.0
1013,1-807,1-807-A-89,06:55:00,veh_47702_bus,35.0,37.63333333333333,12909.56202207381,11.506323485603568
1014,1-807,1-807-A-89,07:00:00,veh_47949_bus,38.0,43.53333333333333,12909.56202207381,11.993700069151908
1015,1-807,1-807-A-89,07:06:00,veh_48042_bus,40.0,533.9833333333333,12909.56202207381,12.653354944208616
1016,1-807,1-807-A-89,07:10:00,veh_48036_bus,43.0,1247.0666666666666,12909.56202207381,10.161906399846332
1017,1-807,1-807-A-89,07:16:00,veh_47896_bus,44.0,40.95,12909.56202207381,7.368460908599171
1018,1-807,1-807-A-89,07:21:00,veh_47895_bus,44.0,1214.2666666666667,12909.56202207381,7.2002216589616435
1019,1-807,1-807-A-89,07:27:00,veh_48040_bus,45.0,61.583333333333336,12909.56202207381,7.795978289916228
1020,1-807,1-807-A-89,07:33:00,veh_48041_bus,45.0,57.28333333333333,12909.56202207381,7.511277615842002
1021,1-807,1-807-A-89,07:39:00,veh_48067_bus,46.0,1200.6,12909.56202207381,6.810494218128853
1022,1-807,1-807-A-89,07:46:00,veh_48066_bus,45.0,72.61666666666666,12909.56202207381,6.921393450965217
1023,1-807,1-807-A-89,07:58:00,veh_47835_bus,43.0,938.4833333333333,12909.56202207381,6.1646445894860165
1024,1-807,1-807-A-89,08:12:00,veh_48071_bus,41.0,1165.0166666666667,12909.56202207381,5.402174488820337
1025,1-807,1-807-A-89,08:24:00,veh_48059_bus,39.0,66.58333333333333,12909.56202207381,4.9726024532591975
1026,1-807,1-807-A-89,08:36:00,veh_48034_bus,38.0,64.38333333333334,12909.56202207381,5.302863696634465
1027,1-807,1-807-A-89,08:49:00,veh_47679_bus,37.0,61.81666666666667,12909.56202207381,5.253078647468873
1028,1-807,1-807-A-89,09:01:00,veh_47680_bus,37.0,156.3,12909.56202207381,5.920545021911899
1029,1-807,1-807-A-89,09:13:00,veh_47681_bus,37.0,47.6,12909.56202207381,5.800821821619921
1030,1-807,1-807-A-89,09:25:00,veh_47682_bus,37.0,36.95,12909.56202207381,5.427472132306592
1031,1-807,1-807-A-89,09:37:00,veh_47683_bus,37.0,28.583333333333332,12909.56202207381,6.611505935579307
1032,1-807,1-807-A-89,09:49:00,veh_47684_bus,37.0,19.85,12909.56202207381,5.8525510631169295
1033,1-807,1-807-A-89,10:01:00,veh_47685_bus,37.0,10.366666666666667,12909.56202207381,6.3571990245181516
1034,1-807,1-807-A-89,10:13:00,veh_47686_bus,37.0,10.016666666666667,12909.56202207381,6.041745170682911
1035,1-807,1-807-A-89,10:25:00,veh_47687_bus,37.0,780.8833333333333,12909.56202207381,5.7671757521001075
1036,1-807,1-807-A-89,10:37:00,veh_47688_bus,37.0,9.616666666666667,12909.56202207381,5.844950875204741
1037,1-807,1-807-A-89,10:49:00,veh_47689_bus,37.0,461.28333333333336,12909.56202207381,5.318496692373633
1038,1-807,1-807-A-89,11:01:00,veh_47690_bus,37.0,929.7166666666667,12909.56202207381,5.56646145918851
1039,1-807,1-807-A-89,11:13:00,veh_47691_bus,37.0,729.6666666666666,12909.56202207381,5.002687088373043
1040,1-807,1-807-A-89,11:24:00,veh_47977_bus,38.0,no_events,12909.56202207381,0.0
1041,1-807,1-807-A-89,11:36:00,veh_47978_bus,38.0,942.4166666666666,12909.56202207381,4.924761185489918
1042,1-807,1-807-A-89,11:49:00,veh_47979_bus,38.0,248.9,12909.56202207381,4.693258266498524
1043,1-807,1-807-A-89,12:01:00,veh_47980_bus,38.0,7.816666666666666,12909.56202207381,4.778018282104468
1044,1-807,1-807-A-89,12:12:00,veh_47981_bus,38.0,234.9,12909.56202207381,4.378457497137199
1045,1-807,1-807-A-89,12:23:00,veh_47982_bus,38.0,7.916666666666667,12909.56202207381,4.423420496844787
1046,1-807,1-807-A-89,12:35:00,veh_47983_bus,38.0,7.166666666666667,12909.56202207381,4.291176468522283
1047,1-807,1-807-A-89,12:47:00,veh_47984_bus,38.0,437.3833333333333,12909.56202207381,4.092413398237433
1048,1-807,1-807-A-89,12:59:00,veh_47985_bus,38.0,712.4833333333333,12909.56202207381,3.817687237199378
1049,1-807,1-807-A-89,13:11:00,veh_47986_bus,38.0,7.65,12909.56202207381,4.250369798834967
1050,1-807,1-807-A-89,13:23:00,veh_47987_bus,38.0,6.766666666666667,12909.56202207381,3.983571531584555
1051,1-807,1-807-A-89,13:34:00,veh_47988_bus,38.0,7.033333333333333,12909.56202207381,3.844066243023521
1052,1-807,1-807-A-89,13:45:00,veh_47989_bus,38.0,184.93333333333334,12909.56202207381,3.4821697321633422
1053,1-807,1-807-A-89,13:56:00,veh_47990_bus,38.0,6.033333333333333,12909.56202207381,3.4707639202750658
1054,1-807,1-807-A-89,14:08:00,veh_47991_bus,38.0,6.0,12909.56202207381,3.3744091264687097
1055,1-807,1-807-A-89,14:20:00,veh_47992_bus,38.0,6.0,12909.56202207381,3.3744091264687097
1056,1-807,1-807-A-89,14:32:00,veh_47993_bus,38.0,6.75,12909.56202207381,3.5438981137438192
1057,1-807,1-807-A-89,14:44:00,veh_48068_bus,42.0,5.633333333333334,12909.56202207381,3.061572505961629
1058,1-807,1-807-A-89,14:55:00,veh_48055_bus,44.0,491.6,12909.56202207381,2.758177327930286
1059,1-807,1-807-A-89,15:06:00,veh_48051_bus,45.0,9.183333333333334,12909.56202207381,2.9366462096212183
1060,1-807,1-807-A-89,15:16:00,veh_48052_bus,46.0,5.75,12909.56202207381,2.755497579500002
1061,1-807,1-807-A-89,15:27:00,veh_48053_bus,46.0,no_events,12909.56202207381,0.0
1062,1-807,1-807-A-89,15:37:00,veh_48001_bus,47.0,5.166666666666667,12909.56202207381,2.8083374163734813
1063,1-807,1-807-A-89,15:47:00,veh_48002_bus,47.0,6.566666666666666,12909.56202207381,3.0985598990187087
1064,1-807,1-807-A-89,15:57:00,veh_48003_bus,47.0,4.8,12909.56202207381,2.559556758083033
1065,1-807,1-807-A-89,16:06:00,veh_48004_bus,47.0,4.8,12909.56202207381,2.559556758083033
1066,1-807,1-807-A-89,16:15:00,veh_48029_bus,48.0,no_events,12909.56202207381,0.0
1067,1-807,1-807-A-89,16:23:00,veh_48000_bus,49.0,5.433333333333334,12909.56202207381,2.8586468642262535
1068,1-807,1-807-A-89,16:35:00,veh_48044_bus,47.0,237.31666666666666,12909.56202207381,2.4881821419273193
1069,1-807,1-807-A-89,16:47:00,veh_48056_bus,44.0,4.416666666666667,12909.56202207381,2.4099274757609632
1070,1-807,1-807-A-89,16:57:00,veh_48048_bus,41.0,4.416666666666667,12909.56202207381,2.4099274757609632
1071,1-807,1-807-A-89,17:09:00,veh_48049_bus,41.0,4.416666666666667,12909.56202207381,2.4099274757609632
1072,1-807,1-807-A-89,17:21:00,veh_48057_bus,39.0,176.81666666666666,12909.56202207381,2.171333768330591
1073,1-807,1-807-A-89,17:34:00,veh_48058_bus,39.0,4.133333333333334,12909.56202207381,2.3419417778486276
1074,1-807,1-807-A-89,17:46:00,veh_48065_bus,38.0,3.783333333333333,12909.56202207381,2.0666454305490056
1075,1-807,1-807-A-89,17:58:00,veh_47997_bus,37.0,3.816666666666667,12909.56202207381,2.1630002243553617
1076,1-807,1-807-A-89,18:10:00,veh_47998_bus,37.0,3.783333333333333,12909.56202207381,2.0666454305490056
1077,1-807,1-807-A-89,18:25:00,veh_47999_bus,37.0,3.8333333333333335,12909.56202207381,2.202925577329575
1078,1-807,1-807-A-89,18:41:00,veh_48050_bus,36.0,483.45,12909.56202207381,1.7620066177346265
1079,1-807,1-807-A-89,18:57:00,veh_48035_bus,35.0,3.45,12909.56202207381,1.8812020839353691
1080,1-807,1-807-A-89,19:14:00,veh_48060_bus,34.0,213.35,12909.56202207381,1.6950866865477408
1081,1-807,1-807-A-89,19:29:00,veh_47720_bus,33.0,no_events,12909.56202207381,0.0
1082,1-807,1-807-A-89,19:45:00,veh_47721_bus,33.0,no_events,12909.56202207381,0.0
1083,1-807,1-807-A-89,20:00:00,veh_47662_bus,32.0,no_events,12909.56202207381,0.0
1084,1-807,1-807-A-89,20:14:00,veh_47663_bus,32.0,no_events,12909.56202207381,0.0
1085,1-807,1-807-A-89,20:29:00,veh_47664_bus,32.0,no_events,12909.56202207381,0.0
1086,1-807,1-807-A-89,20:43:00,veh_47665_bus,32.0,no_events,12909.56202207381,0.0
1087,1-807,1-807-A-89,20:59:00,veh_47666_bus,32.0,no_events,12909.56202207381,0.0
1088,1-807,1-807-A-89,21:15:00,veh_47994_bus,31.0,no_events,12909.56202207381,0.0
1089,1-807,1-807-A-89,21:30:00,veh_47995_bus,31.0,no_events,12909.56202207381,0.0
1090,1-807,1-807-A-89,21:45:00,veh_47996_bus,31.0,no_events,12909.56202207381,0.0
1091,1-807,1-807-A-89,22:00:00,veh_47667_bus,30.0,no_events,12909.56202207381,0.0
1092,1-807,1-807-A-89,22:15:00,veh_47668_bus,30.0,no_events,12909.56202207381,0.0
1093,1-807,1-807-A-89,22:32:00,veh_47891_bus,28.0,no_events,12909.56202207381,0.0
1094,1-807,1-807-A-89,22:47:00,veh_47892_bus,28.0,no_events,12909.56202207381,0.0
1095,1-807,1-807-A-89,23:03:00,veh_47893_bus,28.0,no_events,12909.56202207381,0.0
1096,1-807,1-807-A-89,23:18:00,veh_47894_bus,28.0,no_events,12909.56202207381,0.0
1097,1-807,1-807-A-89,23:33:00,veh_48037_bus,27.0,no_events,12909.56202207381,0.0
1098,1-807,1-807-A-89,23:49:00,veh_47867_bus,25.0,no_events,12909.56202207381,0.0
1099,1-807,1-807-A-89,24:04:00,veh_47868_bus,25.0,no_events,12909.56202207381,0.0
1100,1-807,1-807-A-89,24:19:00,veh_47869_bus,25.0,no_events,12909.56202207381,0.0
1101,1-807,1-807-A-89,24:34:00,veh_47866_bus,25.0,no_events,12909.56202207381,0.0
1102,1-807,1-807-A-89,24:49:00,veh_47870_bus,25.0,no_events,12909.56202207381,0.0
1103,1-807,1-807-R-90,05:19:00,veh_47421_bus,30.0,29.316666666666666,13034.689624211034,15.932166943593778
1104,1-807,1-807-R-90,05:34:00,veh_47422_bus,30.0,29.15,13034.689624211034,15.726274611818141
1105,1-807,1-807-R-90,05:49:00,veh_47917_bus,33.0,33.05,13034.689624211034,16.166306058985395
1106,1-807,1-807-R-90,06:04:00,veh_47918_bus,33.0,32.93333333333333,13034.689624211034,15.868431249093218
1107,1-807,1-807-R-90,06:18:00,veh_47428_bus,35.0,34.56666666666667,13034.689624211034,16.12966153198712
1108,1-807,1-807-R-90,06:33:00,veh_48061_bus,36.0,39.03333333333333,13034.689624211034,15.246959901456105
1109,1-807,1-807-R-90,06:49:00,veh_47952_bus,38.0,36.983333333333334,13034.689624211034,15.843433201331532
1110,1-807,1-807-R-90,06:55:00,veh_47954_bus,38.0,37.88333333333333,13034.689624211034,16.135734503190914
1111,1-807,1-807-R-90,07:00:00,veh_47339_bus,39.0,38.78333333333333,13034.689624211034,15.15589864948216
1112,1-807,1-807-R-90,07:06:00,veh_47340_bus,39.0,38.36666666666667,13034.689624211034,14.535451915583515
1113,1-807,1-807-R-90,07:12:00,veh_47950_bus,42.0,42.95,13034.689624211034,15.518610760306206
1114,1-807,1-807-R-90,07:18:00,veh_48043_bus,43.0,42.2,13034.689624211034,15.37058845991539
1115,1-807,1-807-R-90,07:24:00,veh_48027_bus,44.0,43.666666666666664,13034.689624211034,15.62915263497041
1116,1-807,1-807-R-90,07:31:00,veh_48028_bus,44.0,46.2,13034.689624211034,14.84348462061524
1117,1-807,1-807-R-90,07:37:00,veh_48021_bus,45.0,45.25,13034.689624211034,15.48730299679036
1118,1-807,1-807-R-90,07:43:00,veh_48045_bus,46.0,47.3,13034.689624211034,16.073377304469886
1119,1-807,1-807-R-90,07:50:00,veh_48047_bus,46.0,246.6,13034.689624211034,8.01158540458406
1120,1-807,1-807-R-90,07:57:00,veh_48046_bus,46.0,1201.4,13034.689624211034,4.324711672795183
1121,1-807,1-807-R-90,08:08:00,veh_47171_bus,45.0,13.7,13034.689624211034,3.874620150094084
1122,1-807,1-807-R-90,08:20:00,veh_48062_bus,42.0,12.516666666666667,13034.689624211034,4.249851902667091
1123,1-807,1-807-R-90,08:31:00,veh_47311_bus,41.0,12.45,13034.689624211034,4.427695184574813
1124,1-807,1-807-R-90,08:44:00,veh_47331_bus,39.0,430.45,13034.689624211034,4.3867074098707945
1125,1-807,1-807-R-90,08:54:00,veh_47336_bus,39.0,662.0166666666667,13034.689624211034,4.605866183158969
1126,1-807,1-807-R-90,09:04:00,veh_47330_bus,39.0,1133.2333333333333,13034.689624211034,3.13592283528364
1127,1-807,1-807-R-90,09:13:00,veh_47337_bus,39.0,1126.7333333333333,13034.689624211034,4.300609985764378
1128,1-807,1-807-R-90,09:24:00,veh_47338_bus,39.0,9.266666666666667,13034.689624211034,4.375415946439125
1129,1-807,1-807-R-90,09:36:00,veh_47335_bus,39.0,9.266666666666667,13034.689624211034,3.92967522838957
1130,1-807,1-807-R-90,09:48:00,veh_47329_bus,39.0,367.68333333333334,13034.689624211034,3.378502358513186
1131,1-807,1-807-R-90,10:00:00,veh_47328_bus,39.0,360.1666666666667,13034.689624211034,3.5694564637940744
1132,1-807,1-807-R-90,10:12:00,veh_47334_bus,39.0,827.6,13034.689624211034,3.7487188282655253
1133,1-807,1-807-R-90,10:24:00,veh_47333_bus,39.0,1056.75,13034.689624211034,3.874815371354721
1134,1-807,1-807-R-90,10:36:00,veh_47332_bus,39.0,8.233333333333333,13034.689624211034,3.6652049052238156
1135,1-807,1-807-R-90,10:48:00,veh_47327_bus,39.0,7.833333333333333,13034.689624211034,3.879194084746025
1136,1-807,1-807-R-90,11:00:00,veh_47955_bus,40.0,8.25,13034.689624211034,3.504892349286984
1137,1-807,1-807-R-90,11:12:00,veh_47956_bus,40.0,7.95,13034.689624211034,3.764839587457032
1138,1-807,1-807-R-90,11:24:00,veh_48025_bus,42.0,7.95,13034.689624211034,3.9701413906746748
1139,1-807,1-807-R-90,11:36:00,veh_48024_bus,42.0,7.95,13034.689624211034,3.9659113176765866
1140,1-807,1-807-R-90,11:48:00,veh_47258_bus,41.0,140.88333333333333,13034.689624211034,3.6542920477376937
1141,1-807,1-807-R-90,12:00:00,veh_47251_bus,41.0,243.05,13034.689624211034,3.1267958801917852
1142,1-807,1-807-R-90,12:12:00,veh_47257_bus,41.0,233.55,13034.689624211034,3.3802568009351375
1143,1-807,1-807-R-90,12:24:00,veh_47250_bus,41.0,463.6166666666667,13034.689624211034,3.632077114069421
1144,1-807,1-807-R-90,12:37:00,veh_47256_bus,41.0,686.8666666666667,13034.689624211034,3.349049763389696
1145,1-807,1-807-R-90,12:49:00,veh_47253_bus,41.0,673.95,13034.689624211034,2.0320550200754437
1146,1-807,1-807-R-90,13:00:00,veh_47249_bus,41.0,666.15,13034.689624211034,2.5470992979903344
1147,1-807,1-807-R-90,13:11:00,veh_47252_bus,41.0,895.8666666666667,13034.689624211034,3.2485905054282846
1148,1-807,1-807-R-90,13:23:00,veh_47255_bus,41.0,6.95,13034.689624211034,3.3479099720557524
1149,1-807,1-807-R-90,13:35:00,veh_47246_bus,41.0,6.95,13034.689624211034,3.3479099720557524
1150,1-807,1-807-R-90,13:47:00,veh_47248_bus,41.0,6.733333333333333,13034.689624211034,3.344343724566773
1151,1-807,1-807-R-90,13:59:00,veh_47247_bus,41.0,6.95,13034.689624211034,3.144265825560203
1152,1-807,1-807-R-90,14:11:00,veh_47254_bus,41.0,6.95,13034.689624211034,3.3479099720557524
1153,1-807,1-807-R-90,14:22:00,veh_48070_bus,42.0,6.95,13034.689624211034,3.347580624168777
1154,1-807,1-807-R-90,14:33:00,veh_47630_bus,43.0,6.95,13034.689624211034,3.005760043100112
1155,1-807,1-807-R-90,14:44:00,veh_47631_bus,43.0,6.95,13034.689624211034,3.3479099720557524
1156,1-807,1-807-R-90,14:56:00,veh_47310_bus,44.0,65.08333333333333,13034.689624211034,2.717082136441903
1157,1-807,1-807-R-90,15:05:00,veh_48063_bus,45.0,60.583333333333336,13034.689624211034,2.9544220771831595
1158,1-807,1-807-R-90,15:15:00,veh_48032_bus,48.0,52.03333333333333,13034.689624211034,2.943002515912866
1159,1-807,1-807-R-90,15:26:00,veh_48054_bus,52.0,281.1666666666667,13034.689624211034,2.3860356279372614
1160,1-807,1-807-R-90,15:36:00,veh_47951_bus,53.0,510.35,13034.689624211034,2.576264948825188
1161,1-807,1-807-R-90,15:47:00,veh_48012_bus,54.0,740.5833333333334,13034.689624211034,2.8853273709497085
1162,1-807,1-807-R-90,15:58:00,veh_48010_bus,54.0,6.65,13034.689624211034,2.1991774102030295
1163,1-807,1-807-R-90,16:08:00,veh_48011_bus,54.0,358.96666666666664,13034.689624211034,1.9965589866520272
1164,1-807,1-807-R-90,16:18:00,veh_48019_bus,52.0,352.56666666666666,13034.689624211034,1.6443569024796016
1165,1-807,1-807-R-90,16:29:00,veh_48020_bus,52.0,662.5833333333334,13034.689624211034,1.1446470382908893
1166,1-807,1-807-R-90,16:40:00,veh_47948_bus,50.0,4.816666666666666,13034.689624211034,1.2054134732993227
1167,1-807,1-807-R-90,16:50:00,veh_48030_bus,49.0,2.6166666666666667,13034.689624211034,1.3494904989808532
1168,1-807,1-807-R-90,17:00:00,veh_48064_bus,48.0,3.3833333333333333,13034.689624211034,1.40477986541757
1169,1-807,1-807-R-90,17:11:00,veh_48018_bus,45.0,3.65,13034.689624211034,1.131736349686679
1170,1-807,1-807-R-90,17:21:00,veh_48016_bus,45.0,2.85,13034.689624211034,1.354177430948071
1171,1-807,1-807-R-90,17:30:00,veh_48017_bus,45.0,601.2666666666667,13034.689624211034,1.0955896699942091
1172,1-807,1-807-R-90,17:40:00,veh_48031_bus,43.0,350.3833333333333,13034.689624211034,0.9225294153269606
1173,1-807,1-807-R-90,17:56:00,veh_48026_bus,42.0,1.7,13034.689624211034,1.020325891980772
1174,1-807,1-807-R-90,18:11:00,veh_47259_bus,41.0,1.8333333333333333,13034.689624211034,1.0230212820524847
1175,1-807,1-807-R-90,18:27:00,veh_48009_bus,39.0,1.9,13034.689624211034,1.0239833289703881
1176,1-807,1-807-R-90,18:42:00,veh_48008_bus,39.0,1.9,13034.689624211034,1.0239833289703881
1177,1-807,1-807-R-90,18:57:00,veh_48007_bus,39.0,1.9,13034.689624211034,1.0239833289703881
1178,1-807,1-807-R-90,19:12:00,veh_47953_bus,38.0,1.9,13034.689624211034,1.0239833289703881
1179,1-807,1-807-R-90,19:27:00,veh_48069_bus,37.0,1.9,13034.689624211034,1.0239833289703881
1180,1-807,1-807-R-90,19:42:00,veh_48033_bus,36.0,1.9,13034.689624211034,1.0239833289703881
1181,1-807,1-807-R-90,20:54:00,veh_46311_bus,34.0,1.3833333333333333,13034.689624211034,0.6943613282655338
1182,1-807,1-807-R-90,21:08:00,veh_46333_bus,34.0,1.3833333333333333,13034.689624211034,0.6943613282655338
1183,1-807,1-807-R-90,21:09:00,veh_46313_bus,34.0,1.3833333333333333,13034.689624211034,0.6943613282655338
1184,1-807,1-807-R-90,21:23:00,veh_46328_bus,34.0,1.3833333333333333,13034.689624211034,0.6943613282655338
1185,1-807,1-807-R-90,21:38:00,veh_46318_bus,34.0,1.1166666666666667,13034.689624211034,0.6887727376771762
1186,1-807,1-807-R-90,21:52:00,veh_46323_bus,34.0,1.3833333333333333,13034.689624211034,0.6943613282655338
1187,1-807,1-807-R-90,22:24:00,veh_47497_bus,32.0,1.3833333333333333,13034.689624211034,0.6943613282655338
1188,1-807,1-807-R-90,22:38:00,veh_47498_bus,32.0,1.3833333333333333,13034.689624211034,0.6943613282655338
1189,1-807,1-807-R-90,22:53:00,veh_47499_bus,32.0,1.3833333333333333,13034.689624211034,0.6943613282655338
1190,1-807,1-807-R-90,23:08:00,veh_48013_bus,31.0,1.3833333333333333,13034.689624211034,0.6943613282655338
1191,1-807,1-807-R-90,23:23:00,veh_48014_bus,31.0,248.86666666666667,13034.689624211034,0.19439557107760758
1192,1-807,1-807-R-90,23:39:00,veh_48015_bus,31.0,0.2,13034.689624211034,0.1792795509846433
1193,1-807,1-807-R-90,23:54:00,veh_47424_bus,30.0,0.2,13034.689624211034,0.1792795509846433
1194,1-807,1-807-R-90,24:08:00,veh_47425_bus,30.0,0.2,13034.689624211034,0.1792795509846433
1195,1-807,1-807-R-90,24:22:00,veh_47426_bus,30.0,0.2,13034.689624211034,0.1792795509846433
1196,1-807,1-807-R-90,24:37:00,veh_47427_bus,30.0,0.2,13034.689624211034,0.1792795509846433
1197,1-807,1-807-R-90,24:51:00,veh_47423_bus,30.0,0.2,13034.689624211034,0.1792795509846433
1198,1-804,1-804-A-129,05:57:00,veh_44135_bus,38.0,37.3,17885.101784072252,23.327828265207323
1199,1-804,1-804-A-129,06:12:00,veh_44136_bus,38.0,37.28333333333333,17885.101784072252,23.463314296657447
1200,1-804,1-804-A-129,06:27:00,veh_45180_bus,40.0,57.916666666666664,17885.101784072252,22.7189404682004
1201,1-804,1-804-A-129,06:39:00,veh_43751_bus,42.0,82.63333333333334,17885.101784072252,22.171652461716103
1202,1-804,1-804-A-129,06:42:00,veh_44619_bus,41.0,111.4,17885.101784072252,22.29054965720521
1203,1-804,1-804-A-129,06:49:00,veh_45028_bus,45.0,145.61666666666667,17885.101784072252,21.293107097166565
1204,1-804,1-804-A-129,06:56:00,veh_44967_bus,51.0,1275.8666666666666,17885.101784072252,19.16958032152467
1205,1-804,1-804-A-129,07:07:00,veh_44968_bus,51.0,538.6333333333333,17885.101784072252,14.928759588452674
1206,1-804,1-804-A-129,07:18:00,veh_44969_bus,51.0,1291.75,17885.101784072252,9.558440784970884
1207,1-804,1-804-A-129,07:28:00,veh_44971_bus,51.0,17.383333333333333,17885.101784072252,8.871515084796794
1208,1-804,1-804-A-129,07:37:00,veh_44970_bus,51.0,263.1666666666667,17885.101784072252,8.946453125809786
1209,1-804,1-804-A-129,07:50:00,veh_43812_bus,48.0,11.383333333333333,17885.101784072252,9.085902247042197
1210,1-804,1-804-A-129,08:01:00,veh_43813_bus,48.0,11.033333333333333,17885.101784072252,8.96660872848786
1211,1-804,1-804-A-129,08:13:00,veh_45025_bus,45.0,228.38333333333333,17885.101784072252,8.843811191265422
1212,1-804,1-804-A-129,08:38:00,veh_44614_bus,41.0,8.05,17885.101784072252,8.663318648781042
1213,1-804,1-804-A-129,08:53:00,veh_44137_bus,40.0,188.5,17885.101784072252,8.4733636046205
1214,1-804,1-804-A-129,09:05:00,veh_44138_bus,40.0,7.366666666666666,17885.101784072252,10.267313951849255
1215,1-804,1-804-A-129,09:17:00,veh_44139_bus,40.0,7.366666666666666,17885.101784072252,10.260502969977168
1216,1-804,1-804-A-129,09:29:00,veh_44147_bus,40.0,6.266666666666667,17885.101784072252,10.06550889571886
1217,1-804,1-804-A-129,09:41:00,veh_44146_bus,40.0,7.316666666666666,17885.101784072252,10.267992987958152
1218,1-804,1-804-A-129,09:53:00,veh_44140_bus,40.0,7.316666666666666,17885.101784072252,10.255219043072445
1219,1-804,1-804-A-129,10:05:00,veh_44141_bus,40.0,7.366666666666666,17885.101784072252,10.251053866500627
1220,1-804,1-804-A-129,10:19:00,veh_44142_bus,40.0,101.75,17885.101784072252,4.998600067407796
1221,1-804,1-804-A-129,10:32:00,veh_44143_bus,40.0,1051.1833333333334,17885.101784072252,4.4963423876509525
1222,1-804,1-804-A-129,10:45:00,veh_44144_bus,40.0,7.116666666666666,17885.101784072252,4.540542142686738
1223,1-804,1-804-A-129,10:57:00,veh_44145_bus,40.0,6.4,17885.101784072252,4.41375414519154
1224,1-804,1-804-A-129,11:08:00,veh_44148_bus,40.0,7.266666666666667,17885.101784072252,4.662672771329929
1225,1-804,1-804-A-129,11:20:00,veh_44989_bus,41.0,43.05,17885.101784072252,4.683297131514067
1226,1-804,1-804-A-129,11:32:00,veh_44620_bus,42.0,33.016666666666666,17885.101784072252,4.625542350844573
1227,1-804,1-804-A-129,11:44:00,veh_44621_bus,42.0,22.616666666666667,17885.101784072252,4.598037923858829
1228,1-804,1-804-A-129,11:56:00,veh_44622_bus,42.0,488.4,17885.101784072252,4.683309481513277
1229,1-804,1-804-A-129,12:08:00,veh_44623_bus,42.0,6.2,17885.101784072252,3.9948200405290377
1230,1-804,1-804-A-129,12:20:00,veh_44624_bus,42.0,6.083333333333333,17885.101784072252,3.954781249108048
1231,1-804,1-804-A-129,12:32:00,veh_44625_bus,42.0,6.083333333333333,17885.101784072252,3.954781249108048
1232,1-804,1-804-A-129,12:44:00,veh_44626_bus,42.0,6.083333333333333,17885.101784072252,3.954781249108048
1233,1-804,1-804-A-129,12:55:00,veh_44628_bus,42.0,6.083333333333333,17885.101784072252,3.954781249108048
1234,1-804,1-804-A-129,13:07:00,veh_44627_bus,42.0,6.083333333333333,17885.101784072252,3.9918546316807304
1235,1-804,1-804-A-129,13:19:00,veh_44984_bus,41.0,6.083333333333333,17885.101784072252,3.954781249108048
1236,1-804,1-804-A-129,13:30:00,veh_44985_bus,41.0,5.883333333333334,17885.101784072252,3.6752406994770004
1237,1-804,1-804-A-129,13:42:00,veh_44986_bus,41.0,142.41666666666666,17885.101784072252,3.4723400386988645
1238,1-804,1-804-A-129,13:53:00,veh_44990_bus,41.0,371.76666666666665,17885.101784072252,3.633091850016796
1239,1-804,1-804-A-129,14:05:00,veh_44987_bus,41.0,842.45,17885.101784072252,3.6070487297142897
1240,1-804,1-804-A-129,14:17:00,veh_44988_bus,41.0,5.516666666666667,17885.101784072252,3.707496029960514
1241,1-804,1-804-A-129,14:30:00,veh_45148_bus,42.0,5.55,17885.101784072252,3.6263030018707085
1242,1-804,1-804-A-129,15:29:00,veh_44132_bus,48.0,5.3,17885.101784072252,3.4979761853018845
1243,1-804,1-804-A-129,15:41:00,veh_44134_bus,48.0,5.6,17885.101784072252,3.7574042541923074
1244,1-804,1-804-A-129,15:54:00,veh_44133_bus,48.0,8.7,17885.101784072252,3.168686846774501
1245,1-804,1-804-A-129,16:05:00,veh_45201_bus,49.0,5.516666666666667,17885.101784072252,3.7057233346901906
1246,1-804,1-804-A-129,16:16:00,veh_45196_bus,49.0,470.8666666666667,17885.101784072252,3.4399594837486505
1247,1-804,1-804-A-129,16:28:00,veh_45197_bus,49.0,6.0,17885.101784072252,3.494472977503257
1248,1-804,1-804-A-129,16:41:00,veh_45195_bus,48.0,5.983333333333333,17885.101784072252,3.4818359419463247
1249,1-804,1-804-A-129,16:53:00,veh_45090_bus,46.0,6.016666666666667,17885.101784072252,3.4373335973552743
1250,1-804,1-804-A-129,17:05:00,veh_45024_bus,45.0,6.0,17885.101784072252,3.463929103174739
1251,1-804,1-804-A-129,17:32:00,veh_45134_bus,42.0,5.133333333333334,17885.101784072252,3.3316318054761203
1252,1-804,1-804-A-129,17:45:00,veh_45135_bus,42.0,140.36666666666667,17885.101784072252,3.2788585254528413
1253,1-804,1-804-A-129,18:00:00,veh_45179_bus,41.0,367.8666666666667,17885.101784072252,3.021265381119162
1254,1-804,1-804-A-129,18:16:00,veh_45190_bus,40.0,4.616666666666666,17885.101784072252,3.0678113020303623
1255,1-804,1-804-A-129,18:32:00,veh_45026_bus,39.0,4.666666666666667,17885.101784072252,3.0220700777584564
1256,1-804,1-804-A-129,18:47:00,veh_45027_bus,39.0,4.616666666666666,17885.101784072252,3.0678113020303623
1257,1-804,1-804-A-129,19:03:00,veh_45169_bus,38.0,3.95,17885.101784072252,2.9798453178512205
1258,1-804,1-804-A-129,19:18:00,veh_45160_bus,37.0,3.95,17885.101784072252,2.9798453178512205
1259,1-804,1-804-A-129,19:33:00,veh_45163_bus,36.0,3.9833333333333334,17885.101784072252,2.947728868267357
1260,1-804,1-804-A-129,19:48:00,veh_45161_bus,36.0,3.95,17885.101784072252,2.9798453178512205
1261,1-804,1-804-A-129,20:03:00,veh_45164_bus,36.0,5.366666666666666,17885.101784072252,2.759495157302674
1262,1-804,1-804-A-129,20:18:00,veh_45165_bus,36.0,3.5166666666666666,17885.101784072252,2.950289440994337
1263,1-804,1-804-A-129,20:32:00,veh_45166_bus,36.0,3.5166666666666666,17885.101784072252,2.950289440994337
1264,1-804,1-804-A-129,20:48:00,veh_45162_bus,36.0,3.5166666666666666,17885.101784072252,2.950289440994337
1265,1-804,1-804-A-129,21:04:00,veh_45107_bus,35.0,3.5166666666666666,17885.101784072252,2.950289440994337
1266,1-804,1-804-R-159,06:00:00,veh_45200_bus,42.0,43.833333333333336,19655.718075201865,22.11780182593142
1267,1-804,1-804-R-159,06:14:00,veh_45199_bus,43.0,42.63333333333333,19655.718075201865,22.080212516380104
1268,1-804,1-804-R-159,06:27:00,veh_45202_bus,44.0,51.333333333333336,19655.718075201865,21.15752653618109
1269,1-804,1-804-R-159,06:42:00,veh_45193_bus,45.0,61.1,19655.718075201865,15.07355819202733
1270,1-804,1-804-R-159,06:57:00,veh_45192_bus,45.0,1024.85,19655.718075201865,14.490554983916946
1271,1-804,1-804-R-159,07:08:00,veh_45072_bus,46.0,72.33333333333333,19655.718075201865,14.786041553266834
1272,1-804,1-804-R-159,07:20:00,veh_45073_bus,46.0,311.8666666666667,19655.718075201865,12.698282784998355
1273,1-804,1-804-R-159,07:31:00,veh_45074_bus,46.0,308.01666666666665,19655.718075201865,13.05477452702652
1274,1-804,1-804-R-159,07:42:00,veh_45149_bus,48.0,282.1,19655.718075201865,12.613693980847627
1275,1-804,1-804-R-159,07:55:00,veh_45150_bus,48.0,528.9166666666666,19655.718075201865,11.575021141567943
1276,1-804,1-804-R-159,08:08:00,veh_45151_bus,48.0,235.93333333333334,19655.718075201865,3.2040957603974882
1277,1-804,1-804-R-159,08:24:00,veh_45184_bus,44.0,451.98333333333335,19655.718075201865,3.231286407447948
1278,1-804,1-804-R-159,08:38:00,veh_45189_bus,43.0,1167.5666666666666,19655.718075201865,2.8477234331973396
1279,1-804,1-804-R-159,08:51:00,veh_44229_bus,42.0,186.61666666666667,19655.718075201865,2.3255631106983023
1280,1-804,1-804-R-159,09:03:00,veh_44230_bus,42.0,412.6,19655.718075201865,1.9064998140685405
1281,1-804,1-804-R-159,09:15:00,veh_44235_bus,42.0,402.3333333333333,19655.718075201865,1.8576755799118636
1282,1-804,1-804-R-159,09:28:00,veh_44237_bus,42.0,874.85,19655.718075201865,1.8552396758711134
1283,1-804,1-804-R-159,09:42:00,veh_44231_bus,42.0,139.06666666666666,19655.718075201865,1.6736318132444437
1284,1-804,1-804-R-159,09:54:00,veh_45182_bus,43.0,139.76666666666668,19655.718075201865,1.83990398176118
1285,1-804,1-804-R-159,10:06:00,veh_45183_bus,43.0,142.86666666666667,19655.718075201865,1.8476489847911834
1286,1-804,1-804-R-159,10:18:00,veh_44232_bus,42.0,152.96666666666667,19655.718075201865,1.666159182714973
1287,1-804,1-804-R-159,10:30:00,veh_44236_bus,42.0,1115.2333333333333,19655.718075201865,1.2570871254132263
1288,1-804,1-804-R-159,10:42:00,veh_44233_bus,42.0,137.35,19655.718075201865,0.9248886552770564
1289,1-804,1-804-R-159,10:54:00,veh_44234_bus,42.0,41.483333333333334,19655.718075201865,0.8275607936378352
1290,1-804,1-804-R-159,11:05:00,veh_45185_bus,43.0,40.483333333333334,19655.718075201865,0.8224208153966112
1291,1-804,1-804-R-159,11:16:00,veh_45191_bus,44.0,50.43333333333333,19655.718075201865,0.9886744686574216
1292,1-804,1-804-R-159,11:26:00,veh_43378_bus,46.0,49.8,19655.718075201865,0.9951423891432647
1293,1-804,1-804-R-159,11:36:00,veh_43379_bus,46.0,49.333333333333336,19655.718075201865,0.8492559795863236
1294,1-804,1-804-R-159,11:48:00,veh_43380_bus,46.0,62.2,19655.718075201865,0.989205641641008
1295,1-804,1-804-R-159,11:59:00,veh_43381_bus,46.0,57.95,19655.718075201865,0.9569765994533825
1296,1-804,1-804-R-159,12:11:00,veh_43382_bus,46.0,52.71666666666667,19655.718075201865,0.7406438611387388
1297,1-804,1-804-R-159,12:24:00,veh_43383_bus,46.0,2.716666666666667,19655.718075201865,0.8246743411953709
1298,1-804,1-804-R-159,12:36:00,veh_45059_bus,45.0,1.2,19655.718075201865,0.8320131456221049
1299,1-804,1-804-R-159,12:48:00,veh_45054_bus,45.0,1.6,19655.718075201865,0.9968095646901448
1300,1-804,1-804-R-159,13:00:00,veh_45055_bus,45.0,1.5333333333333334,19655.718075201865,0.9553549541821543
1301,1-804,1-804-R-159,13:12:00,veh_45056_bus,45.0,1.5333333333333334,19655.718075201865,0.9872868588387615
1302,1-804,1-804-R-159,13:24:00,veh_45057_bus,45.0,1.7166666666666666,19655.718075201865,0.8262148397705078
1303,1-804,1-804-R-159,13:36:00,veh_45058_bus,45.0,206.93333333333334,19655.718075201865,0.6078907205533342
1304,1-804,1-804-R-159,13:47:00,veh_43384_bus,46.0,0.75,19655.718075201865,0.6170539730831294
1305,1-804,1-804-R-159,13:59:00,veh_43387_bus,46.0,0.9,19655.718075201865,0.614031706063979
1306,1-804,1-804-R-159,14:11:00,veh_43385_bus,46.0,0.8833333333333333,19655.718075201865,0.419522623118621
1307,1-804,1-804-R-159,14:23:00,veh_43386_bus,46.0,1.9333333333333333,19655.718075201865,0.6099510047721409
1308,1-804,1-804-R-159,14:33:00,veh_45186_bus,47.0,1.7666666666666666,19655.718075201865,0.6101292009251664
1309,1-804,1-804-R-159,14:44:00,veh_45187_bus,47.0,2.433333333333333,19655.718075201865,0.6096347934208782
1310,1-804,1-804-R-159,14:56:00,veh_45060_bus,50.0,0.8666666666666667,19655.718075201865,0.6145314882867127
1311,1-804,1-804-R-159,15:06:00,veh_45061_bus,52.0,0.8666666666666667,19655.718075201865,0.6145314882867127
1312,1-804,1-804-R-159,15:17:00,veh_45062_bus,52.0,0.8666666666666667,19655.718075201865,0.6145314882867127
1313,1-804,1-804-R-159,15:29:00,veh_45063_bus,52.0,1.6666666666666667,19655.718075201865,0.6102664650692876
1314,1-804,1-804-R-159,15:40:00,veh_44868_bus,57.0,5.516666666666667,19655.718075201865,0.6092403047938407
1315,1-804,1-804-R-159,15:51:00,veh_45167_bus,58.0,2.3833333333333333,19655.718075201865,0.3200193072067698
1316,1-804,1-804-R-159,16:03:00,veh_45168_bus,58.0,1.9,19655.718075201865,0.6099824957185985
1317,1-804,1-804-R-159,16:16:00,veh_45188_bus,56.0,0.9166666666666666,19655.718075201865,0.5308903044705985
1318,1-804,1-804-R-159,16:29:00,veh_45181_bus,54.0,242.05,19655.718075201865,0.08235531774886276
1319,1-804,1-804-R-159,16:41:00,veh_45041_bus,53.0,no_events,19655.718075201865,0.0
1320,1-804,1-804-R-159,16:54:00,veh_45017_bus,50.0,no_events,19655.718075201865,0.0
1321,1-804,1-804-R-159,17:06:00,veh_45018_bus,50.0,no_events,19655.718075201865,0.0
1322,1-804,1-804-R-159,17:19:00,veh_44869_bus,48.0,no_events,19655.718075201865,0.0
1323,1-804,1-804-R-159,17:31:00,veh_44870_bus,48.0,no_events,19655.718075201865,0.0
1324,1-804,1-804-R-159,17:45:00,veh_44973_bus,47.0,no_events,19655.718075201865,0.0
1325,1-804,1-804-R-159,18:01:00,veh_44972_bus,47.0,no_events,19655.718075201865,0.0
1326,1-804,1-804-R-159,18:18:00,veh_45198_bus,45.0,no_events,19655.718075201865,0.0
1327,1-804,1-804-R-159,18:51:00,veh_44871_bus,42.0,no_events,19655.718075201865,0.0
1328,1-804,1-804-R-159,19:07:00,veh_45068_bus,41.0,no_events,19655.718075201865,0.0
1329,1-804,1-804-R-159,19:22:00,veh_45069_bus,41.0,no_events,19655.718075201865,0.0
1330,1-804,1-804-R-159,19:36:00,veh_45070_bus,41.0,no_events,19655.718075201865,0.0
1331,1-804,1-804-R-159,19:51:00,veh_45067_bus,41.0,no_events,19655.718075201865,0.0
1332,1-804,1-804-R-159,20:05:00,veh_45071_bus,41.0,no_events,19655.718075201865,0.0
1333,1-804,1-804-R-159,20:21:00,veh_45064_bus,40.0,no_events,19655.718075201865,0.0
1334,1-804,1-804-R-159,20:36:00,veh_45066_bus,40.0,no_events,19655.718075201865,0.0
1335,1-804,1-804-R-159,20:50:00,veh_45065_bus,40.0,no_events,19655.718075201865,0.0
1336,1-80A,1-80A-A-67,08:53:00,veh_48072_bus,13.0,9.583333333333334,5219.758622252924,5.462216314360616
1337,1-80A,1-80A-R-68,16:25:00,veh_48073_bus,17.0,518.6833333333333,5080.973163655736,3.8366285606692974
1338,1-92A,1-92A-A-49,07:14:00,veh_51416_bus,39.0,53.85,20952.31733168448,21.767981164544306
1339,1-92A,1-92A-R-7,17:09:00,veh_51415_bus,35.0,475.8,20861.46576147969,7.37362729940095
1340,1-377,1-377-A-16,06:31:00,veh_16451_bus,45.0,52.266666666666666,27426.91914125406,31.767298592956042
1341,1-377,1-377-A-16,06:49:00,veh_16453_bus,52.0,65.43333333333334,27426.91914125406,30.715833379578267
1342,1-377,1-377-A-16,09:04:00,veh_16460_bus,46.0,64.83333333333333,27426.91914125406,28.13853695822382
1343,1-377,1-377-A-16,11:05:00,veh_16450_bus,44.0,533.7666666666667,27426.91914125406,26.672247175054434
1344,1-377,1-377-R-19,12:08:00,veh_16454_bus,53.0,954.5,27015.966103399045,1.9090201409660918
1345,1-377,1-377-R-19,16:08:00,veh_16456_bus,66.0,no_events,27015.966103399045,0.0
1346,1-377,1-377-R-19,17:16:00,veh_16458_bus,56.0,no_events,27015.966103399045,0.0
1347,1-377,1-377-R-19,18:17:00,veh_16459_bus,53.0,no_events,27015.966103399045,0.0
1348,1-255,1-255-R-51,15:36:00,veh_9668_bus,38.0,201.51666666666668,17988.525115384404,12.089452898066986
1349,1-255,1-255-R-51,16:07:00,veh_9667_bus,46.0,86.05,17988.525115384404,11.92177888689043
1350,1-255,1-255-R-51,16:42:00,veh_9666_bus,39.0,439.53333333333336,17988.525115384404,11.213014516213374
1351,1-255,1-255-R-51,17:13:00,veh_9673_bus,34.0,760.1666666666666,17988.525115384404,11.524105918466327
1352,1-133,1-133-A-11,06:41:00,veh_3641_bus,36.0,80.61666666666666,14754.354399520573,11.655294492951324
1353,1-133,1-133-A-11,07:07:00,veh_3642_bus,40.0,215.88333333333333,14754.354399520573,11.705537916123372
1354,1-133,1-133-A-11,07:32:00,veh_3634_bus,42.0,218.28333333333333,14754.354399520573,11.585620650510773
1355,1-133,1-133-A-11,08:00:00,veh_3631_bus,41.0,197.58333333333334,14754.354399520573,11.496086682553694
1356,1-133,1-133-R-10,15:33:00,veh_3633_bus,39.0,712.7,14779.998054711068,3.831579178602637
1357,1-133,1-133-R-10,16:01:00,veh_3632_bus,42.0,10.6,14779.998054711068,3.807774631832592
1358,1-133,1-133-R-10,16:33:00,veh_3643_bus,38.0,10.033333333333333,14779.998054711068,3.382584298693706
1359,1-133,1-133-R-10,17:03:00,veh_3620_bus,36.0,8.116666666666667,14779.998054711068,2.7995524762972077
1360,1-133,1-133-R-10,17:33:00,veh_3640_bus,34.0,7.1,14779.998054711068,2.557992640897756
1361,1-254,1-254-A-30,06:21:00,veh_9575_bus,31.0,39.45,16047.4531802728,16.71988399943452
1362,1-254,1-254-A-30,06:41:00,veh_9583_bus,34.0,72.25,16047.4531802728,17.404765011958986
1363,1-254,1-254-A-30,06:59:00,veh_9585_bus,35.0,177.93333333333334,16047.4531802728,16.99066801647358
1364,1-254,1-254-A-30,07:12:00,veh_9576_bus,38.0,198.3,16047.4531802728,16.370999633635172
1365,1-254,1-254-A-30,07:25:00,veh_9578_bus,41.0,233.68333333333334,16047.4531802728,16.93280216782814
1366,1-254,1-254-A-30,07:40:00,veh_9579_bus,41.0,260.68333333333334,16047.4531802728,15.699929319509753
1367,1-253,1-253-A-46,06:41:00,veh_9438_bus,36.0,48.18333333333333,16609.621867074355,17.841198532335913
1368,1-253,1-253-A-46,07:12:00,veh_9449_bus,38.0,71.61666666666666,16609.621867074355,17.49146522727832
1369,1-253,1-253-A-46,07:40:00,veh_9451_bus,40.0,89.33333333333333,16609.621867074355,17.402373159161836
1370,1-253,1-253-A-46,08:16:00,veh_9452_bus,35.0,108.48333333333333,16609.621867074355,16.933269965149716
1371,1-374,1-374-A-13,07:16:00,veh_16446_bus,44.0,816.35,18879.084278090824,11.584430268555414
1372,1-374,1-374-A-13,07:35:00,veh_16447_bus,44.0,21.0,18879.084278090824,11.160299157477088
1373,1-374,1-374-R-227,16:10:00,veh_16445_bus,55.0,no_events,20183.352180884787,0.0
1374,1-374,1-374-R-227,17:19:00,veh_16443_bus,45.0,no_events,20183.352180884787,0.0
1375,1-374,1-374-R-227,18:20:00,veh_16444_bus,43.0,no_events,20183.352180884787,0.0
1376,1-80G,1-80G-A-64,08:28:00,veh_48075_bus,11.0,8.2,4127.180437639169,2.9124685891918207
1377,1-80G,1-80G-R-65,16:10:00,veh_48074_bus,13.0,4.85,3678.3997905290194,0.08422343914481707
1378,1-251,1-251-A-9,06:56:00,veh_9362_bus,25.0,45.083333333333336,12406.500774359485,21.08281753065262
1379,1-251,1-251-A-9,07:22:00,veh_9340_bus,30.0,67.16666666666667,12406.500774359485,20.307843232159875
1380,1-251,1-251-A-9,07:49:00,veh_9339_bus,30.0,80.15,12406.500774359485,21.49231760810327
1381,1-251,1-251-R-13,15:37:00,veh_9365_bus,29.0,56.35,11542.882104555836,13.541007454226913
1382,1-251,1-251-R-13,16:07:00,veh_9364_bus,30.0,93.21666666666667,11542.882104555836,13.256809162395923
1383,1-251,1-251-R-13,16:37:00,veh_9361_bus,28.0,129.41666666666666,11542.882104555836,13.38479522901098
1384,1-251,1-251-R-13,17:11:00,veh_9363_bus,26.0,768.7,11542.882104555836,13.139132664459225
1385,1-372,1-372-A-212,06:22:00,veh_16438_bus,52.0,62.65,28001.718407498636,26.425176017631085
1386,1-372,1-372-A-212,06:46:00,veh_16431_bus,61.0,93.43333333333334,28001.718407498636,25.60435434777935
1387,1-372,1-372-A-212,08:56:00,veh_16436_bus,52.0,195.51666666666668,28001.718407498636,21.92645296846627
1388,1-372,1-372-A-212,10:57:00,veh_16440_bus,51.0,1037.65,28001.718407498636,18.93658112804842
1389,1-372,1-372-R-15,12:08:00,veh_16434_bus,54.0,954.4,29013.543571473336,1.9094132575074865
1390,1-372,1-372-R-15,16:08:00,veh_16439_bus,64.0,no_events,29013.543571473336,0.0
1391,1-372,1-372-R-15,17:31:00,veh_16432_bus,55.0,no_events,29013.543571473336,0.0
1392,1-372,1-372-R-15,18:17:00,veh_16433_bus,55.0,no_events,29013.543571473336,0.0
1393,1-250,1-250-A-543,06:23:00,veh_9287_bus,29.0,37.483333333333334,13310.373847025896,14.792590587183
1394,1-250,1-250-A-543,06:50:00,veh_9259_bus,31.0,54.03333333333333,13310.373847025896,14.256464818250647
1395,1-250,1-250-A-543,07:16:00,veh_9273_bus,34.0,67.21666666666667,13310.373847025896,13.714646608134329
1396,1-250,1-250-A-543,07:30:00,veh_9247_bus,36.0,80.7,13310.373847025896,14.328699292339467
1397,1-250,1-250-A-543,07:44:00,veh_9271_bus,37.0,85.51666666666667,13310.373847025896,14.376510396342102
1398,1-250,1-250-A-543,08:16:00,veh_9285_bus,31.0,106.53333333333333,13310.373847025896,13.181320790356216
1399,1-250,1-250-R-40,15:06:00,veh_9272_bus,33.0,547.3833333333333,13040.084402041573,6.8530141118664085
1400,1-250,1-250-R-40,15:36:00,veh_9175_bus,39.0,56.166666666666664,13040.084402041573,6.3564031947435735
1401,1-250,1-250-R-40,15:50:00,veh_9176_bus,39.0,55.416666666666664,13040.084402041573,6.511202783083341
1402,1-250,1-250-R-40,16:06:00,veh_9260_bus,41.0,316.3333333333333,13040.084402041573,6.928148062792635
1403,1-250,1-250-R-40,16:36:00,veh_9288_bus,38.0,776.2166666666667,13040.084402041573,6.167514810982717
1404,1-250,1-250-R-40,16:56:00,veh_9286_bus,35.0,136.28333333333333,13040.084402041573,6.238800636370297
1405,1-250,1-250-R-40,17:09:00,veh_9274_bus,34.0,522.6,13040.084402041573,6.671499591305262
1406,1-250,1-250-R-40,17:36:00,veh_9258_bus,32.0,188.43333333333334,13040.084402041573,1.44550206758081
1407,1-258,1-258-A-13,06:42:00,veh_9761_bus,37.0,49.05,15359.235207599157,13.639541885126128
1408,1-258,1-258-A-13,07:09:00,veh_9833_bus,41.0,116.75,15359.235207599157,13.240439541064845
1409,1-258,1-258-A-13,07:36:00,veh_9836_bus,43.0,239.9,15359.235207599157,12.579115980018877
1410,1-258,1-258-A-13,08:13:00,veh_9834_bus,38.0,217.16666666666666,15359.235207599157,13.202499727017356
1411,1-258,1-258-R-70,15:37:00,veh_9838_bus,49.0,40.35,15449.240139243155,6.634865211169821
1412,1-258,1-258-R-70,16:09:00,veh_9762_bus,50.0,315.71666666666664,15449.240139243155,6.229933207478512
1413,1-258,1-258-R-70,16:44:00,veh_9837_bus,45.0,122.75,15449.240139243155,6.227002768393769
1414,1-258,1-258-R-70,17:14:00,veh_9835_bus,39.0,757.8666666666667,15449.240139243155,6.103915547418454
1415,1-136,1-136-A-8,06:35:00,veh_3719_bus,34.0,38.416666666666664,12899.638876046813,13.241689579071895
1416,1-136,1-136-A-8,06:50:00,veh_3767_bus,36.0,52.25,12899.638876046813,12.720123328492411
1417,1-136,1-136-A-8,07:04:00,veh_3768_bus,38.0,67.41666666666667,12899.638876046813,12.970223570227306
1418,1-136,1-136-A-8,07:16:00,veh_3720_bus,43.0,76.68333333333334,12899.638876046813,12.329658529042414
1419,1-136,1-136-A-8,07:39:00,veh_3770_bus,42.0,91.78333333333333,12899.638876046813,12.260754158878608
1420,1-136,1-136-A-8,08:01:00,veh_3675_bus,38.0,188.53333333333333,12899.638876046813,12.334391934429418
1421,1-136,1-136-R-13,15:42:00,veh_3716_bus,45.0,70.45,14059.518730129268,4.04455024746636
1422,1-136,1-136-R-13,16:00:00,veh_3717_bus,45.0,829.75,14059.518730129268,3.321234021530797
1423,1-136,1-136-R-13,16:21:00,veh_3718_bus,45.0,325.8666666666667,14059.518730129268,2.7363677417703234
1424,1-136,1-136-R-13,16:42:00,veh_3769_bus,42.0,225.35,14059.518730129268,1.5168353932030614
1425,1-136,1-136-R-13,17:11:00,veh_3674_bus,39.0,235.95,14059.518730129268,1.5168357005163593
1426,1-257,1-257-A-30,06:49:00,veh_9746_bus,32.0,43.45,16589.90102481907,25.563274041113377
1427,1-257,1-257-A-30,07:16:00,veh_9715_bus,34.0,66.75,16589.90102481907,25.681564338160033
1428,1-257,1-257-A-30,07:44:00,veh_9748_bus,36.0,84.56666666666666,16589.90102481907,26.12509327254191
1429,1-257,1-257-R-47,15:39:00,veh_9750_bus,36.0,66.51666666666667,15574.986502514505,15.825076095641093
1430,1-257,1-257-R-47,16:08:00,veh_9714_bus,42.0,211.28333333333333,15574.986502514505,16.303885149792496
1431,1-257,1-257-R-47,16:44:00,veh_9747_bus,35.0,570.5833333333334,15574.986502514505,13.336292333011258
1432,1-257,1-257-R-47,17:14:00,veh_9749_bus,30.0,763.9333333333333,15574.986502514505,12.251406641995047
1433,1-344,1-344-A-71,06:48:00,veh_15718_bus,57.0,1011.5833333333334,24256.47028331395,14.108984981324769
1434,1-344,1-344-R-58,16:10:00,veh_15717_bus,57.0,no_events,24765.20296066751,0.0
1435,1-344,1-344-R-58,17:14:00,veh_15715_bus,47.0,no_events,24765.20296066751,0.0
1436,1-584,1-584-A-20,06:23:00,veh_24041_bus,48.0,47.483333333333334,24370.5550910051,25.973880396154726
1437,1-584,1-584-A-20,06:47:00,veh_24044_bus,54.0,72.3,24370.5550910051,26.585196874669222
1438,1-584,1-584-A-20,07:16:00,veh_24042_bus,59.0,78.2,24370.5550910051,24.477743051317173
1439,1-584,1-584-R-17,16:06:00,veh_24043_bus,59.0,2.85,24702.493118017075,1.0591123778721283
1440,1-584,1-584-R-17,16:52:00,veh_24040_bus,53.0,1.6333333333333333,24702.493118017075,1.2059007890609845
1441,1-584,1-584-R-17,17:33:00,veh_24039_bus,47.0,no_events,24702.493118017075,0.0
1442,1-582,1-582-A-14,06:34:00,veh_23977_bus,45.0,78.63333333333334,25507.483576710536,41.883643336354865
1443,1-582,1-582-A-14,06:59:00,veh_23978_bus,52.0,125.3,25507.483576710536,40.11487264326605
1444,1-582,1-582-A-14,07:21:00,veh_23979_bus,56.0,169.1,25507.483576710536,38.606353850814344
1445,1-582,1-582-R-13,15:26:00,veh_23981_bus,50.0,2.216666666666667,24884.1314492068,1.5965156956724411
1446,1-582,1-582-R-13,16:08:00,veh_23980_bus,58.0,3.6666666666666665,24884.1314492068,1.0517770775187114
1447,1-582,1-582-R-13,16:58:00,veh_23982_bus,50.0,2.1333333333333333,24884.1314492068,1.1058297734148737
1448,1-582,1-582-R-13,17:21:00,veh_23983_bus,44.0,no_events,24884.1314492068,0.0
1449,1-581,1-581-A-10,06:40:00,veh_23904_bus,38.0,45.06666666666667,19421.63528156305,39.80972065939814
1450,1-581,1-581-A-10,07:04:00,veh_23841_bus,42.0,70.35,19421.63528156305,40.87701323918681
1451,1-581,1-581-A-10,07:38:00,veh_23906_bus,44.0,93.66666666666667,19421.63528156305,38.58415825400033
1452,1-581,1-581-R-9,16:04:00,veh_23905_bus,48.0,3.3333333333333335,18667.921838402428,1.5949916465219296
1453,1-581,1-581-R-9,16:42:00,veh_23903_bus,44.0,1.8333333333333333,18667.921838402428,1.2064691470805307
1454,1-581,1-581-R-9,17:20:00,veh_23842_bus,40.0,no_events,18667.921838402428,0.0
1455,1-580,1-580-A-7,06:56:00,veh_23837_bus,47.0,96.2,20144.746301958134,20.97666389947522
1456,1-580,1-580-A-7,07:24:00,veh_23815_bus,51.0,176.8,20144.746301958134,20.83492006196923
1457,1-580,1-580-A-7,07:56:00,veh_23838_bus,47.0,535.6666666666666,20144.746301958134,7.228715911403127
1458,1-580,1-580-R-6,16:06:00,veh_23839_bus,52.0,2.6333333333333333,20040.226199328954,1.0579843160746876
1459,1-580,1-580-R-6,16:38:00,veh_23840_bus,49.0,1.8333333333333333,20040.226199328954,1.2064691470805307
1460,1-580,1-580-R-6,17:15:00,veh_23816_bus,43.0,no_events,20040.226199328954,0.0
1461,1-107,1-107-A-15,06:41:00,veh_1318_bus,43.0,no_events,15509.353415391703,0.0
1462,1-107,1-107-A-15,06:58:00,veh_1327_bus,47.0,no_events,15509.353415391703,0.0
1463,1-107,1-107-A-15,07:19:00,veh_1330_bus,49.0,no_events,15509.353415391703,0.0
1464,1-107,1-107-A-15,07:28:00,veh_1329_bus,55.0,no_events,15509.353415391703,0.0
1465,1-107,1-107-A-15,07:44:00,veh_1326_bus,54.0,no_events,15509.353415391703,0.0
1466,1-107,1-107-A-15,08:02:00,veh_1319_bus,50.0,no_events,15509.353415391703,0.0
1467,1-107,1-107-A-15,08:17:00,veh_1292_bus,48.0,no_events,15509.353415391703,0.0
1468,1-107,1-107-R-26,15:41:00,veh_1268_bus,56.0,10.1,14952.737155367851,2.2652754176396903
1469,1-107,1-107-R-26,15:58:00,veh_1269_bus,56.0,15.883333333333333,14952.737155367851,2.053384358241919
1470,1-107,1-107-R-26,16:14:00,veh_1270_bus,56.0,13.133333333333333,14952.737155367851,2.5489627267294304
1471,1-107,1-107-R-26,16:36:00,veh_1271_bus,56.0,8.166666666666666,14952.737155367851,3.19988416631909
1472,1-107,1-107-R-26,16:59:00,veh_1325_bus,51.0,13.0,14952.737155367851,2.0883793010825613
1473,1-107,1-107-R-26,17:22:00,veh_1247_bus,50.0,448.71666666666664,14952.737155367851,2.398527832660301
1474,1-107,1-107-R-26,17:53:00,veh_1328_bus,45.0,422.8333333333333,14952.737155367851,2.660252391217939
1475,1-907,1-907-A-13,25:30:00,veh_50816_bus,29.0,no_events,12909.56202207381,0.0
1476,1-907,1-907-A-13,26:15:00,veh_50817_bus,29.0,no_events,12909.56202207381,0.0
1477,1-355,1-355-A-18,06:52:00,veh_15831_bus,55.0,289.2,24439.717230728522,13.671704038624263
1478,1-355,1-355-A-18,09:03:00,veh_15829_bus,44.0,319.7,24439.717230728522,13.013241280357917
1479,1-355,1-355-R-19,16:08:00,veh_15830_bus,56.0,no_events,26726.035104135484,0.0
1480,1-355,1-355-R-19,18:16:00,veh_15832_bus,45.0,no_events,26726.035104135484,0.0
1481,1-354,1-354-A-20,06:48:00,veh_15827_bus,58.0,773.9666666666667,29434.414704065442,17.67969033346625
1482,1-354,1-354-A-20,07:08:00,veh_15795_bus,68.0,289.01666666666665,29434.414704065442,10.409275256991542
1483,1-354,1-354-R-21,16:10:00,veh_15828_bus,70.0,no_events,31052.998689358606,0.0
1484,1-354,1-354-R-21,16:44:00,veh_15826_bus,66.0,no_events,31052.998689358606,0.0
1485,1-354,1-354-R-21,17:14:00,veh_15784_bus,62.0,no_events,31052.998689358606,0.0
1486,1-230,1-230-A-7,06:16:00,veh_7784_bus,31.0,38.55,16395.429951176906,17.98374582991965
1487,1-230,1-230-A-7,06:43:00,veh_7889_bus,32.0,92.86666666666666,16395.429951176906,17.832676268160697
1488,1-230,1-230-A-7,06:58:00,veh_7896_bus,39.0,130.41666666666666,16395.429951176906,17.613502809916934
1489,1-230,1-230-A-7,07:18:00,veh_7890_bus,43.0,190.1,16395.429951176906,16.372551996089886
1490,1-230,1-230-A-7,07:36:00,veh_7891_bus,43.0,1299.3666666666666,16395.429951176906,5.572192015792522
1491,1-230,1-230-A-7,08:06:00,veh_7888_bus,40.0,330.56666666666666,16395.429951176906,4.868864537733303
1492,1-230,1-230-R-26,15:15:00,veh_7897_bus,38.0,393.28333333333336,15919.919261297266,8.803882024110283
1493,1-230,1-230-R-26,15:33:00,veh_7895_bus,43.0,375.35,15919.919261297266,8.587639271841036
1494,1-230,1-230-R-26,15:51:00,veh_7876_bus,46.0,157.98333333333332,15919.919261297266,2.806860377282878
1495,1-230,1-230-R-26,16:03:00,veh_7893_bus,49.0,381.2,15919.919261297266,2.615856059581505
1496,1-230,1-230-R-26,16:21:00,veh_7894_bus,49.0,389.51666666666665,15919.919261297266,2.632952447580247
1497,1-230,1-230-R-26,16:37:00,veh_7875_bus,46.0,378.31666666666666,15919.919261297266,1.957593725557908
1498,1-230,1-230-R-26,16:59:00,veh_7887_bus,42.0,325.43333333333334,15919.919261297266,1.6552671961220697
1499,1-230,1-230-R-26,17:20:00,veh_7892_bus,39.0,304.9,15919.919261297266,1.6567298416503946
1500,1-350,1-350-A-29,07:12:00,veh_15771_bus,62.0,750.5666666666667,25893.857388606113,16.313715737322173
1501,1-350,1-350-A-29,07:43:00,veh_15740_bus,61.0,1107.1666666666667,25893.857388606113,15.439029310941484
1502,1-350,1-350-A-29,08:24:00,veh_15770_bus,53.0,357.95,25893.857388606113,16.049788947212207
1503,1-350,1-350-R-28,15:16:00,veh_15768_bus,61.0,no_events,27324.27888949641,0.0
1504,1-350,1-350-R-28,15:40:00,veh_15752_bus,68.0,no_events,27324.27888949641,0.0
1505,1-350,1-350-R-28,16:45:00,veh_15773_bus,57.0,no_events,27324.27888949641,0.0
1506,1-239,1-239-A-8,06:42:00,veh_8205_bus,45.0,143.0,21661.71830940581,32.636781272772296
1507,1-239,1-239-A-8,07:00:00,veh_8209_bus,49.0,167.11666666666667,21661.71830940581,32.85113108628113
1508,1-239,1-239-A-8,07:17:00,veh_8207_bus,52.0,1318.0166666666667,21661.71830940581,21.737125733933606
1509,1-239,1-239-A-8,07:40:00,veh_8210_bus,53.0,1298.2,21661.71830940581,21.056298241930026
1510,1-239,1-239-A-8,08:02:00,veh_8203_bus,46.0,92.65,21661.71830940581,21.3059120310635
1511,1-239,1-239-R-20,15:43:00,veh_8211_bus,53.0,69.28333333333333,19755.46184868339,2.8538580746214044
1512,1-239,1-239-R-20,15:53:00,veh_8202_bus,55.0,156.85,19755.46184868339,2.919965452683599
1513,1-239,1-239-R-20,16:12:00,veh_8208_bus,57.0,397.3,19755.46184868339,2.6232104000466916
1514,1-239,1-239-R-20,16:54:00,veh_8212_bus,52.0,329.9,19755.46184868339,1.7653394526413837
1515,1-239,1-239-R-20,17:28:00,veh_8204_bus,45.0,299.81666666666666,19755.46184868339,2.165503984498786
1516,1-239,1-239-R-20,17:41:00,veh_8206_bus,44.0,732.1,19755.46184868339,2.3506158216128856
1517,1-238,1-238-A-246,06:37:00,veh_8082_bus,28.0,32.43333333333333,11503.70391889096,10.734102684851576
1518,1-238,1-238-A-246,06:58:00,veh_8069_bus,32.0,71.18333333333334,11503.70391889096,10.512591221392556
1519,1-238,1-238-A-246,07:14:00,veh_8089_bus,38.0,122.85,11503.70391889096,9.523016544000782
1520,1-238,1-238-A-246,07:40:00,veh_8090_bus,43.0,224.78333333333333,11503.70391889096,10.105073973057005
1521,1-238,1-238-R-12,15:42:00,veh_8080_bus,34.0,70.35,12062.682127935295,3.709265830783552
1522,1-238,1-238-R-12,16:12:00,veh_8088_bus,39.0,334.95,12062.682127935295,2.6286089987713166
1523,1-238,1-238-R-12,16:49:00,veh_8091_bus,36.0,219.6,12062.682127935295,1.516835477261056
1524,1-238,1-238-R-12,17:38:00,veh_8081_bus,31.0,728.3166666666667,12062.682127935295,1.7893503597770362
1525,1-358,1-358-A-9,06:53:00,veh_15839_bus,51.0,769.7666666666667,23246.33981524448,12.483658470952737
1526,1-358,1-358-R-6,16:09:00,veh_15836_bus,56.0,no_events,23867.013887880134,0.0
1527,1-358,1-358-R-6,17:09:00,veh_15838_bus,49.0,no_events,23867.013887880134,0.0
1528,1-236,1-236-A-289,06:24:00,veh_8003_bus,38.0,43.21666666666667,19860.93894854296,22.96478771502369
1529,1-236,1-236-A-289,06:48:00,veh_8012_bus,42.0,67.81666666666666,19860.93894854296,23.8735437560027
1530,1-236,1-236-A-289,07:02:00,veh_8011_bus,49.0,79.2,19860.93894854296,22.548506243568653
1531,1-236,1-236-A-289,07:26:00,veh_8009_bus,51.0,94.21666666666667,19860.93894854296,22.05602200435954
1532,1-236,1-236-A-289,07:53:00,veh_8004_bus,46.0,117.81666666666666,19860.93894854296,21.952376123155315
1533,1-236,1-236-R-8,15:42:00,veh_8007_bus,52.0,554.4666666666667,21903.44161836478,11.044078422964681
1534,1-236,1-236-R-8,16:09:00,veh_8013_bus,55.0,481.3333333333333,21903.44161836478,10.382491030851549
1535,1-236,1-236-R-8,16:26:00,veh_8008_bus,53.0,805.0333333333333,21903.44161836478,1.7683222333014963
1536,1-236,1-236-R-8,16:56:00,veh_8010_bus,48.0,247.18333333333334,21903.44161836478,1.5168354657563872
1537,1-236,1-236-R-8,17:29:00,veh_8005_bus,44.0,501.25,21903.44161836478,1.4701285330805343
1538,1-236,1-236-R-8,17:36:00,veh_8006_bus,44.0,734.3333333333334,21903.44161836478,1.410390804426816
1539,1-55A,1-55A-A-7,08:33:00,veh_22239_bus,23.0,107.66666666666667,8963.36683801821,6.7427851068374
1540,1-55A,1-55A-R-6,16:20:00,veh_22240_bus,31.0,170.53333333333333,10359.164460213724,1.2477730715905044
1541,1-79B,1-79B-A-57,08:50:00,veh_30492_bus,16.0,14.133333333333333,6813.069679111068,6.7325135857107705
1542,1-79B,1-79B-R-56,16:25:00,veh_30491_bus,21.0,135.13333333333333,6974.199003738553,4.658698578959587
1543,1-55G,1-55G-A-11,08:45:00,veh_22242_bus,22.0,98.18333333333334,7623.256041439552,4.943399504297081
1544,1-55G,1-55G-R-12,16:25:00,veh_22241_bus,28.0,457.8666666666667,7718.6512025799675,0.49540357836856974
1545,1-79G,1-79G-A-58,08:33:00,veh_30494_bus,8.0,1003.65,3221.6757772686965,1.5493398156167386
1546,1-79G,1-79G-R-59,16:10:00,veh_30493_bus,11.0,4.166666666666667,3109.38483468863,0.08554209204266547
1547,1-332,1-332-A-143,06:51:00,veh_15241_bus,33.0,37.9,16902.28190409112,35.52483183109424
1548,1-332,1-332-A-143,07:52:00,veh_15239_bus,35.0,121.56666666666666,16902.28190409112,33.30013960085349
1549,1-332,1-332-A-143,08:20:00,veh_15240_bus,35.0,236.5,16902.28190409112,33.511890533827724
1550,1-332,1-332-R-16,16:51:00,veh_15186_bus,43.0,no_events,16101.842157400582,0.0
1551,1-332,1-332-R-16,17:35:00,veh_15238_bus,40.0,no_events,16101.842157400582,0.0
1552,1-574,1-574-A-9,06:36:00,veh_23030_bus,35.0,67.35,18152.81817553872,23.678622473138297
1553,1-574,1-574-A-9,07:00:00,veh_23029_bus,40.0,146.53333333333333,18152.81817553872,22.487550545325217
1554,1-574,1-574-A-9,07:35:00,veh_23034_bus,44.0,15.283333333333333,18152.81817553872,10.644964026676396
1555,1-574,1-574-R-10,16:05:00,veh_23033_bus,48.0,2.816666666666667,18293.47418528622,1.3524198445159021
1556,1-574,1-574-R-10,17:00:00,veh_23032_bus,41.0,2.1333333333333333,18293.47418528622,1.1058297734148737
1557,1-574,1-574-R-10,17:32:00,veh_23031_bus,37.0,no_events,18293.47418528622,0.0
1558,1-331,1-331-A-4,06:29:00,veh_15175_bus,48.0,324.25,26672.23263505637,11.731649126707463
1559,1-331,1-331-A-4,06:48:00,veh_15173_bus,52.0,689.8333333333334,26672.23263505637,8.269427632914546
1560,1-331,1-331-A-4,07:19:00,veh_15171_bus,59.0,406.6666666666667,26672.23263505637,7.412432682247448
1561,1-331,1-331-R-3,16:07:00,veh_15130_bus,61.0,no_events,26190.200931907486,0.0
1562,1-331,1-331-R-3,16:47:00,veh_15174_bus,60.0,no_events,26190.200931907486,0.0
1563,1-331,1-331-R-3,17:21:00,veh_15172_bus,56.0,no_events,26190.200931907486,0.0
1564,1-330,1-330-A-409,06:34:00,veh_15105_bus,30.0,306.5,16405.97097573453,10.19384435179372
1565,1-330,1-330-A-409,07:24:00,veh_15038_bus,37.0,413.1,16405.97097573453,3.7462872341563753
1566,1-330,1-330-A-409,07:34:00,veh_15039_bus,37.0,162.91666666666666,16405.97097573453,3.818281483229632
1567,1-330,1-330-A-409,08:04:00,veh_15040_bus,37.0,114.98333333333333,16405.97097573453,2.9678750142708634
1568,1-330,1-330-A-409,08:35:00,veh_15096_bus,33.0,61.95,16405.97097573453,2.4079885088007638
1569,1-330,1-330-A-409,09:35:00,veh_15100_bus,29.0,758.65,16405.97097573453,2.0300810913945746
1570,1-330,1-330-A-409,10:35:00,veh_15101_bus,29.0,3.183333333333333,16405.97097573453,1.2731944840832805
1571,1-330,1-330-A-409,11:33:00,veh_15099_bus,31.0,0.7333333333333333,16405.97097573453,0.7080994408161674
1572,1-330,1-330-A-409,12:34:00,veh_15106_bus,30.0,0.25,16405.97097573453,0.47925019292535775
1573,1-330,1-330-R-454,12:58:00,veh_15102_bus,30.0,3.4,16514.88430891131,0.07273963443337805
1574,1-330,1-330-R-454,14:07:00,veh_15108_bus,31.0,242.35,16514.88430891131,0.07275689490836423
1575,1-330,1-330-R-454,14:58:00,veh_15085_bus,32.0,242.93333333333334,16514.88430891131,0.07096571400392472
1576,1-330,1-330-R-454,15:35:00,veh_15103_bus,37.0,no_events,16514.88430891131,0.0
1577,1-330,1-330-R-454,15:46:00,veh_15109_bus,38.0,no_events,16514.88430891131,0.0
1578,1-330,1-330-R-454,16:18:00,veh_15097_bus,39.0,no_events,16514.88430891131,0.0
1579,1-330,1-330-R-454,16:52:00,veh_15098_bus,37.0,no_events,16514.88430891131,0.0
1580,1-330,1-330-R-454,17:24:00,veh_15064_bus,35.0,no_events,16514.88430891131,0.0
1581,1-330,1-330-R-454,18:39:00,veh_15078_bus,32.0,no_events,16514.88430891131,0.0
1582,1-330,1-330-R-454,21:39:00,veh_15065_bus,29.0,no_events,16514.88430891131,0.0
1583,1-572,1-572-A-6,06:24:00,veh_22966_bus,49.0,59.583333333333336,27272.322119264023,26.48452993364363
1584,1-572,1-572-A-6,06:47:00,veh_22968_bus,57.0,90.25,27272.322119264023,26.455529647300636
1585,1-572,1-572-A-6,07:17:00,veh_22964_bus,59.0,81.88333333333334,27272.322119264023,25.82220231743364
1586,1-572,1-572-R-7,16:06:00,veh_22923_bus,60.0,2.6,27296.582595034884,1.0578299611845345
1587,1-572,1-572-R-7,16:51:00,veh_22967_bus,52.0,1.7333333333333334,27296.582595034884,1.251400134268259
1588,1-572,1-572-R-7,17:26:00,veh_22965_bus,46.0,no_events,27296.582595034884,0.0
1589,1-338,1-338-A-194,07:04:00,veh_15300_bus,48.0,1265.9333333333334,21142.340385316707,8.060803238789182
1590,1-338,1-338-A-194,07:33:00,veh_15307_bus,52.0,1120.5333333333333,21142.340385316707,6.576520931499316
1591,1-338,1-338-R-158,16:13:00,veh_15301_bus,54.0,no_events,23211.50321994788,0.0
1592,1-338,1-338-R-158,17:15:00,veh_15305_bus,46.0,no_events,23211.50321994788,0.0
1593,1-338,1-338-R-158,18:17:00,veh_15304_bus,46.0,no_events,23211.50321994788,0.0
1594,1-337,1-337-A-6,06:43:00,veh_15298_bus,45.0,298.73333333333335,21572.25197539596,21.766299188022042
1595,1-337,1-337-A-6,07:00:00,veh_15289_bus,48.0,773.1666666666666,21572.25197539596,19.914446046475643
1596,1-337,1-337-A-6,09:00:00,veh_15299_bus,40.0,73.4,21572.25197539596,5.451672583174572
1597,1-337,1-337-A-6,11:02:00,veh_15288_bus,39.0,17.383333333333333,21572.25197539596,5.195599998771527
1598,1-337,1-337-R-4,12:06:00,veh_15294_bus,40.0,956.0833333333334,22033.94296949265,1.9559475282957925
1599,1-337,1-337-R-4,16:04:00,veh_15297_bus,51.0,no_events,22033.94296949265,0.0
1600,1-337,1-337-R-4,17:16:00,veh_15257_bus,45.0,no_events,22033.94296949265,0.0
1601,1-337,1-337-R-4,18:17:00,veh_15295_bus,40.0,no_events,22033.94296949265,0.0
1602,1-215,1-215-A-4,06:40:00,veh_7507_bus,47.0,63.85,22076.40935795822,27.06874412661327
1603,1-215,1-215-A-4,07:00:00,veh_7508_bus,55.0,31.3,22076.40935795822,20.196158188628875
1604,1-215,1-215-A-4,07:27:00,veh_7510_bus,58.0,265.0,22076.40935795822,17.20929459793276
1605,1-215,1-215-R-3,15:42:00,veh_7509_bus,58.0,12.383333333333333,23025.777872843653,2.3005802619818265
1606,1-215,1-215-R-3,16:45:00,veh_7511_bus,57.0,18.0,23025.777872843653,2.0550473273785586
1607,1-215,1-215-R-3,17:42:00,veh_7512_bus,44.0,433.15,23025.777872843653,2.0250619821528293
1608,1-336,1-336-A-138,06:47:00,veh_15244_bus,56.0,535.7666666666667,26026.837038672074,17.924720045733405
1609,1-336,1-336-R-8,16:08:00,veh_15245_bus,55.0,no_events,28862.915168109932,0.0
1610,1-336,1-336-R-8,17:12:00,veh_15246_bus,50.0,no_events,28862.915168109932,0.0
1611,1-214,1-214-A-7,06:27:00,veh_7439_bus,55.0,53.483333333333334,27540.30915188504,31.12933655583766
1612,1-214,1-214-A-7,06:43:00,veh_7387_bus,58.0,69.81666666666666,27540.30915188504,28.763758615795965
1613,1-214,1-214-A-7,07:01:00,veh_7418_bus,66.0,290.73333333333335,27540.30915188504,20.975999780761775
1614,1-214,1-214-A-7,07:12:00,veh_7440_bus,69.0,760.3166666666667,27540.30915188504,20.004533193650662
1615,1-214,1-214-A-7,07:46:00,veh_7442_bus,65.0,278.3,27540.30915188504,17.990905912164624
1616,1-214,1-214-R-8,15:15:00,veh_7443_bus,59.0,6.7,29650.23915172331,2.866153742216784
1617,1-214,1-214-R-8,15:32:00,veh_7445_bus,64.0,7.4,29650.23915172331,2.543568573109497
1618,1-214,1-214-R-8,16:10:00,veh_7444_bus,66.0,9.566666666666666,29650.23915172331,2.727134662505558
1619,1-214,1-214-R-8,16:30:00,veh_7441_bus,65.0,7.916666666666667,29650.23915172331,3.2019154372407383
1620,1-214,1-214-R-8,17:27:00,veh_7446_bus,58.0,445.1666666666667,29650.23915172331,2.7463872016076927
1621,1-577,1-577-A-5,06:27:00,veh_23120_bus,45.0,44.083333333333336,27422.248964569346,31.825029051751667
1622,1-577,1-577-A-5,06:52:00,veh_23106_bus,53.0,62.4,27422.248964569346,31.247879552925845
1623,1-577,1-577-A-5,07:23:00,veh_23118_bus,55.0,71.56666666666666,27422.248964569346,31.515841321639787
1624,1-577,1-577-R-6,15:38:00,veh_23095_bus,54.0,2.5833333333333335,26134.73445339102,1.1835518301830237
1625,1-577,1-577-R-6,16:08:00,veh_23121_bus,59.0,3.683333333333333,26134.73445339102,1.0490509942164261
1626,1-577,1-577-R-6,17:01:00,veh_23122_bus,50.0,655.6166666666667,26134.73445339102,1.1126852700237968
1627,1-577,1-577-R-6,17:22:00,veh_23117_bus,46.0,no_events,26134.73445339102,0.0
1628,1-577,1-577-R-6,17:38:00,veh_23119_bus,44.0,no_events,26134.73445339102,0.0
1629,1-54A,1-54A-A-4,08:34:00,veh_21308_bus,22.0,223.06666666666666,8780.119890603637,5.668155684699817
1630,1-54A,1-54A-R-10,16:20:00,veh_21307_bus,33.0,170.06666666666666,9065.049304317272,1.112455273668545
1631,1-13,1-13-A-65,06:56:00,veh_3491_bus,60.0,101.71666666666667,24127.31845796845,21.775241274914418
1632,1-13,1-13-A-65,16:33:00,veh_3547_bus,73.0,214.06666666666666,24127.31845796845,9.638036319011452
1633,1-13,1-13-R-66,06:29:00,veh_3351_bus,63.0,62.18333333333333,23832.44344568038,25.54538085906389
1634,1-13,1-13-R-66,06:31:00,veh_3356_bus,63.0,63.85,23832.44344568038,26.045719706612463
1635,1-13,1-13-R-66,09:49:00,veh_3379_bus,61.0,607.7,23832.44344568038,9.011574057029602
1636,1-13,1-13-R-66,15:36:00,veh_3070_bus,71.0,16.733333333333334,23832.44344568038,5.843858542233863
1637,1-13,1-13-R-66,15:40:00,veh_3065_bus,71.0,125.96666666666667,23832.44344568038,5.706614582774634
1638,1-13,1-13-R-66,17:25:00,veh_3049_bus,63.0,21.666666666666668,23832.44344568038,5.679943559500812
1639,1-13,1-13-R-66,18:02:00,veh_3054_bus,63.0,15.533333333333333,23832.44344568038,5.6594884656291
1640,1-14,1-14-R-23,15:20:00,veh_4285_bus,29.0,23.85,14695.087909641197,17.006560149385365
1641,1-14,1-14-R-23,16:21:00,veh_4319_bus,31.0,24.15,14695.087909641197,16.497340359093258
1642,1-14,1-14-R-23,17:21:00,veh_4286_bus,29.0,20.9,14695.087909641197,16.03210085804627
1643,1-14,1-14-R-23,18:20:00,veh_4287_bus,29.0,21.633333333333333,14695.087909641197,16.124282856364676
1644,1-11,1-11-A-269,06:35:00,veh_2324_bus,54.0,52.75,17997.975606504846,19.859182453453
1645,1-11,1-11-A-269,07:06:00,veh_2959_bus,62.0,95.01666666666667,17997.975606504846,18.17990539479907
1646,1-11,1-11-A-269,07:44:00,veh_2350_bus,66.0,132.95,17997.975606504846,17.584220244319038
1647,1-11,1-11-A-269,07:54:00,veh_2929_bus,67.0,137.48333333333332,17997.975606504846,17.906497461334364
1648,1-11,1-11-A-269,08:05:00,veh_2926_bus,64.0,344.15,17997.975606504846,8.48912479336516
1649,1-11,1-11-A-269,08:16:00,veh_2937_bus,62.0,125.86666666666666,17997.975606504846,8.432905897484027
1650,1-11,1-11-A-269,08:29:00,veh_2925_bus,58.0,563.6333333333333,17997.975606504846,8.246640697507358
1651,1-11,1-11-A-269,08:40:00,veh_2740_bus,57.0,791.3166666666667,17997.975606504846,7.817923003931045
1652,1-11,1-11-A-269,08:50:00,veh_2741_bus,55.0,1021.6,17997.975606504846,8.041488730378944
1653,1-11,1-11-A-269,09:00:00,veh_2742_bus,55.0,136.21666666666667,17997.975606504846,7.728910802330474
1654,1-11,1-11-A-269,09:09:00,veh_2744_bus,55.0,138.56666666666666,17997.975606504846,8.101337901461967
1655,1-11,1-11-A-269,09:42:00,veh_2743_bus,55.0,153.08333333333334,17997.975606504846,7.62807109135679
1656,1-11,1-11-A-269,10:01:00,veh_2786_bus,56.0,713.4833333333333,17997.975606504846,7.5588440106235115
1657,1-11,1-11-A-269,10:21:00,veh_2787_bus,56.0,155.01666666666668,17997.975606504846,6.275978688996641
1658,1-11,1-11-A-269,10:41:00,veh_2809_bus,57.0,53.7,17997.975606504846,6.157191898393617
1659,1-11,1-11-A-269,11:01:00,veh_2805_bus,57.0,59.36666666666667,17997.975606504846,5.876521910878969
1660,1-11,1-11-A-269,11:21:00,veh_2802_bus,57.0,60.46666666666667,17997.975606504846,5.462138389334266
1661,1-11,1-11-A-269,11:41:00,veh_2806_bus,57.0,79.8,17997.975606504846,5.395855521253363
1662,1-11,1-11-A-269,12:02:00,veh_2804_bus,57.0,14.383333333333333,17997.975606504846,5.9226299802105515
1663,1-11,1-11-A-269,12:23:00,veh_2810_bus,57.0,13.266666666666667,17997.975606504846,6.270753736152701
1664,1-11,1-11-A-269,12:43:00,veh_2801_bus,57.0,13.266666666666667,17997.975606504846,6.186850935531243
1665,1-11,1-11-A-269,13:03:00,veh_2807_bus,57.0,14.2,17997.975606504846,6.104798849342032
1666,1-11,1-11-A-269,13:23:00,veh_2803_bus,57.0,13.266666666666667,17997.975606504846,5.7803341542226665
1667,1-11,1-11-A-269,13:43:00,veh_2808_bus,57.0,12.15,17997.975606504846,5.785872165250487
1668,1-11,1-11-A-269,14:03:00,veh_2811_bus,57.0,12.2,17997.975606504846,5.7959693505329195
1669,1-11,1-11-A-269,14:23:00,veh_2850_bus,58.0,12.55,17997.975606504846,5.860568545999384
1670,1-11,1-11-A-269,15:05:00,veh_2812_bus,68.0,14.35,17997.975606504846,5.335373429700513
1671,1-11,1-11-A-269,15:20:00,veh_2938_bus,71.0,14.483333333333333,17997.975606504846,5.870351233595136
1672,1-11,1-11-A-269,15:35:00,veh_2953_bus,72.0,16.816666666666666,17997.975606504846,5.32693343641071
1673,1-11,1-11-A-269,16:12:00,veh_2935_bus,73.0,16.316666666666666,17997.975606504846,5.32415833434698
1674,1-11,1-11-A-269,16:31:00,veh_2936_bus,68.0,16.266666666666666,17997.975606504846,5.554465723587013
1675,1-11,1-11-A-269,16:48:00,veh_2918_bus,64.0,192.85,17997.975606504846,5.317736221451852
1676,1-11,1-11-A-269,17:34:00,veh_2922_bus,58.0,9.2,17997.975606504846,4.089437697725754
1677,1-11,1-11-A-269,18:04:00,veh_2902_bus,56.0,10.016666666666667,17997.975606504846,4.127985286229316
1678,1-11,1-11-A-269,18:36:00,veh_2946_bus,53.0,8.066666666666666,17997.975606504846,4.151249485941035
1679,1-11,1-11-A-269,19:06:00,veh_2899_bus,51.0,8.066666666666666,17997.975606504846,3.9614543183580966
1680,1-11,1-11-A-269,19:37:00,veh_2851_bus,50.0,7.066666666666666,17997.975606504846,3.9249180087602795
1681,1-11,1-11-A-269,20:06:00,veh_2852_bus,50.0,3.533333333333333,17997.975606504846,1.1997450142346366
1682,1-11,1-11-A-269,20:36:00,veh_2853_bus,50.0,0.7833333333333333,17997.975606504846,0.3303665380445113
1683,1-11,1-11-A-269,21:05:00,veh_2961_bus,49.0,0.6333333333333333,17997.975606504846,0.30593262365771007
1684,1-11,1-11-A-269,21:35:00,veh_2939_bus,47.0,415.05,17997.975606504846,0.07324417113274724
1685,1-11,1-11-A-269,22:05:00,veh_2784_bus,46.0,no_events,17997.975606504846,0.0
1686,1-11,1-11-A-269,22:36:00,veh_2785_bus,44.0,no_events,17997.975606504846,0.0
1687,1-11,1-11-A-269,23:05:00,veh_2911_bus,43.0,no_events,17997.975606504846,0.0
1688,1-11,1-11-A-269,23:35:00,veh_2912_bus,43.0,no_events,17997.975606504846,0.0
1689,1-11,1-11-R-273,05:42:00,veh_2956_bus,48.0,47.1,17045.038828661953,20.841301103068176
1690,1-11,1-11-R-273,06:11:00,veh_1625_bus,50.0,48.983333333333334,17045.038828661953,21.222976376785144
1691,1-11,1-11-R-273,06:41:00,veh_2945_bus,55.0,55.56666666666667,17045.038828661953,21.570947410206987
1692,1-11,1-11-R-273,06:50:00,veh_2888_bus,57.0,55.983333333333334,17045.038828661953,20.94072504620741
1693,1-11,1-11-R-273,07:00:00,veh_2909_bus,59.0,57.833333333333336,17045.038828661953,21.11792991007499
1694,1-11,1-11-R-273,07:08:00,veh_2870_bus,62.0,60.833333333333336,17045.038828661953,21.61965363285932
1695,1-11,1-11-R-273,07:15:00,veh_2842_bus,67.0,65.85,17045.038828661953,20.506089648781305
1696,1-11,1-11-R-273,07:25:00,veh_1565_bus,69.0,67.83333333333333,17045.038828661953,20.53203610659193
1697,1-11,1-11-R-273,07:35:00,veh_1564_bus,69.0,67.83333333333333,17045.038828661953,20.782354876226155
1698,1-11,1-11-R-273,07:45:00,veh_2864_bus,69.0,67.83333333333333,17045.038828661953,21.765587311862323
1699,1-11,1-11-R-273,07:55:00,veh_2838_bus,68.0,66.83333333333333,17045.038828661953,21.10085418851524
1700,1-11,1-11-R-273,08:01:00,veh_1623_bus,50.0,48.983333333333334,17045.038828661953,20.790011914455977
1701,1-11,1-11-R-273,08:30:00,veh_1624_bus,50.0,50.63333333333333,17045.038828661953,20.586401605742576
1702,1-11,1-11-R-273,08:36:00,veh_2820_bus,60.0,58.833333333333336,17045.038828661953,21.486258637809605
1703,1-11,1-11-R-273,08:57:00,veh_2832_bus,58.0,57.0,17045.038828661953,20.59629776566831
1704,1-11,1-11-R-273,09:17:00,veh_2833_bus,58.0,56.833333333333336,17045.038828661953,21.3315868497472
1705,1-11,1-11-R-273,09:37:00,veh_2837_bus,58.0,147.4,17045.038828661953,20.84286759819453
1706,1-11,1-11-R-273,09:57:00,veh_2836_bus,58.0,361.68333333333334,17045.038828661953,11.072762098063654
1707,1-11,1-11-R-273,10:16:00,veh_2834_bus,58.0,349.48333333333335,17045.038828661953,11.382798876325822
1708,1-11,1-11-R-273,10:36:00,veh_2835_bus,58.0,336.6166666666667,17045.038828661953,10.898953213243475
1709,1-11,1-11-R-273,10:55:00,veh_1341_bus,60.0,1140.4666666666667,17045.038828661953,10.597178414510493
1710,1-11,1-11-R-273,11:15:00,veh_1677_bus,61.0,1024.1666666666667,17045.038828661953,9.999866983892291
1711,1-11,1-11-R-273,11:35:00,veh_1678_bus,61.0,265.53333333333336,17045.038828661953,9.971859911189714
1712,1-11,1-11-R-273,11:55:00,veh_1679_bus,61.0,251.03333333333333,17045.038828661953,9.760349351922796
1713,1-11,1-11-R-273,12:15:00,veh_1680_bus,61.0,234.05,17045.038828661953,9.787402612799138
1714,1-11,1-11-R-273,12:35:00,veh_1681_bus,61.0,217.75,17045.038828661953,9.9899027416882
1715,1-11,1-11-R-273,12:55:00,veh_1682_bus,61.0,204.48333333333332,17045.038828661953,9.748620846738588
1716,1-11,1-11-R-273,13:15:00,veh_1683_bus,61.0,186.63333333333333,17045.038828661953,10.122865047079623
1717,1-11,1-11-R-273,13:55:00,veh_2879_bus,62.0,376.93333333333334,17045.038828661953,10.075224953096244
1718,1-11,1-11-R-273,14:10:00,veh_1530_bus,63.0,363.96666666666664,17045.038828661953,10.178254428555395
1719,1-11,1-11-R-273,14:25:00,veh_1531_bus,63.0,350.3333333333333,17045.038828661953,10.205156887944739
1720,1-11,1-11-R-273,14:56:00,veh_2957_bus,68.0,564.5333333333333,17045.038828661953,9.882284847167227
1721,1-11,1-11-R-273,15:11:00,veh_2960_bus,72.0,797.3666666666667,17045.038828661953,9.163444068743567
1722,1-11,1-11-R-273,15:23:00,veh_2958_bus,78.0,639.15,17045.038828661953,9.724379916094883
1723,1-11,1-11-R-273,16:09:00,veh_1616_bus,78.0,28.233333333333334,17045.038828661953,7.896518315196315
1724,1-11,1-11-R-273,16:42:00,veh_2854_bus,74.0,28.733333333333334,17045.038828661953,7.415880060843252
1725,1-11,1-11-R-273,17:26:00,veh_2819_bus,62.0,188.06666666666666,17045.038828661953,7.41744534671253
1726,1-11,1-11-R-273,18:02:00,veh_2923_bus,57.0,607.9666666666667,17045.038828661953,7.427906219493377
1727,1-11,1-11-R-273,18:34:00,veh_2910_bus,56.0,17.516666666666666,17045.038828661953,7.376230077233228
1728,1-11,1-11-R-273,19:05:00,veh_2872_bus,54.0,17.516666666666666,17045.038828661953,7.373471066470974
1729,1-11,1-11-R-273,19:36:00,veh_2873_bus,54.0,17.516666666666666,17045.038828661953,7.376230077233228
1730,1-11,1-11-R-273,20:07:00,veh_2622_bus,52.0,16.516666666666666,17045.038828661953,7.373820339227641
1731,1-11,1-11-R-273,20:37:00,veh_2625_bus,52.0,16.516666666666666,17045.038828661953,7.4192108745078444
1732,1-11,1-11-R-273,21:07:00,veh_2624_bus,52.0,16.516666666666666,17045.038828661953,7.373820339227641
1733,1-11,1-11-R-273,21:38:00,veh_2623_bus,52.0,16.516666666666666,17045.038828661953,7.350096054232891
1734,1-11,1-11-R-273,22:09:00,veh_1532_bus,49.0,16.516666666666666,17045.038828661953,7.374173550284843
1735,1-11,1-11-R-273,22:41:00,veh_2557_bus,47.0,15.516666666666667,17045.038828661953,7.358360193042103
1736,1-54G,1-54G-A-1,08:51:00,veh_21309_bus,16.0,204.25,5087.060301685586,3.1736936926428565
1737,1-54G,1-54G-R-3,16:25:00,veh_21310_bus,23.0,583.0,5281.308386109052,0.4954035625313978
1738,1-550,1-550-A-18,06:26:00,veh_22064_bus,53.0,105.41666666666667,26548.551712570094,24.61572470282178
1739,1-550,1-550-A-18,06:48:00,veh_22076_bus,60.0,851.6166666666667,26548.551712570094,17.302824706022328
1740,1-550,1-550-A-18,07:12:00,veh_22063_bus,66.0,253.15,26548.551712570094,17.887938267163662
1741,1-550,1-550-R-19,16:06:00,veh_22078_bus,64.0,2.683333333333333,25946.367420296083,0.9965062195544719
1742,1-550,1-550-R-19,16:36:00,veh_22075_bus,60.0,1.8333333333333333,25946.367420296083,1.2064691470805307
1743,1-550,1-550-R-19,17:06:00,veh_22077_bus,55.0,651.1666666666666,25946.367420296083,1.0348313973664456
1744,1-558,1-558-A-5,07:00:00,veh_22238_bus,46.0,240.65,23613.98371948531,13.384155835058662
1745,1-558,1-558-A-5,07:22:00,veh_22237_bus,56.0,324.4,23613.98371948531,12.164584077741706
1746,1-558,1-558-R-6,16:09:00,veh_22236_bus,54.0,3.7,22310.252882374913,0.9167494929874407
1747,1-558,1-558-R-6,16:43:00,veh_22224_bus,49.0,1.8333333333333333,22310.252882374913,1.2064691470805307
1748,1-558,1-558-R-6,17:09:00,veh_22235_bus,45.0,no_events,22310.252882374913,0.0
1749,1-315,1-315-R-22,16:06:00,veh_14480_bus,64.0,no_events,23731.016225618358,0.0
1750,1-315,1-315-R-22,17:06:00,veh_14549_bus,57.0,no_events,23731.016225618358,0.0
1751,1-315,1-315-R-22,18:06:00,veh_14546_bus,52.0,no_events,23731.016225618358,0.0
1752,1-555,1-555-R-22,16:08:00,veh_22182_bus,54.0,4.016666666666667,25187.267413553094,0.9681263999878583
1753,1-555,1-555-R-22,16:43:00,veh_22181_bus,45.0,1.8333333333333333,25187.267413553094,1.2064691470805307
1754,1-555,1-555-R-22,17:13:00,veh_22180_bus,40.0,no_events,25187.267413553094,0.0
1755,1-554,1-554-A-44,06:57:00,veh_22131_bus,51.0,1028.4833333333333,24624.114187554787,13.61226699258874
1756,1-554,1-554-A-44,07:22:00,veh_22119_bus,56.0,523.0,24624.114187554787,12.685642490556408
1757,1-554,1-554-R-43,16:07:00,veh_22130_bus,55.0,3.683333333333333,23226.435270085123,1.0508495200955537
1758,1-554,1-554-R-43,16:37:00,veh_22132_bus,48.0,1.8333333333333333,23226.435270085123,1.2064691470805307
1759,1-554,1-554-R-43,17:09:00,veh_22133_bus,42.0,no_events,23226.435270085123,0.0
1760,1-25,1-25-A-18,06:46:00,veh_9110_bus,39.0,47.733333333333334,16001.716889789606,14.92134106048243
1761,1-25,1-25-A-18,07:14:00,veh_9134_bus,47.0,108.41666666666667,16001.716889789606,14.988466860373723
1762,1-25,1-25-A-18,07:34:00,veh_9130_bus,53.0,609.4666666666667,16001.716889789606,9.73209613953958
1763,1-25,1-25-A-18,07:49:00,veh_9124_bus,49.0,833.1333333333333,16001.716889789606,9.570472975335173
1764,1-25,1-25-A-18,08:05:00,veh_9122_bus,42.0,1296.6833333333334,16001.716889789606,9.183956708136426
1765,1-25,1-25-A-18,08:25:00,veh_9116_bus,39.0,1039.5,16001.716889789606,8.51587573482335
1766,1-25,1-25-A-18,08:58:00,veh_9051_bus,36.0,291.18333333333334,16001.716889789606,8.439085032012446
1767,1-25,1-25-A-18,09:27:00,veh_9052_bus,36.0,981.5833333333334,16001.716889789606,8.643017715703328
1768,1-25,1-25-A-18,09:56:00,veh_9053_bus,36.0,707.6,16001.716889789606,8.554045842721326
1769,1-25,1-25-A-18,10:26:00,veh_9054_bus,36.0,185.98333333333332,16001.716889789606,8.591638481739249
1770,1-25,1-25-A-18,10:56:00,veh_9055_bus,36.0,156.83333333333334,16001.716889789606,8.535232336030838
1771,1-25,1-25-A-18,11:26:00,veh_9056_bus,36.0,357.95,16001.716889789606,8.336473376534162
1772,1-25,1-25-A-18,11:57:00,veh_8973_bus,37.0,91.16666666666667,16001.716889789606,8.261372196121442
1773,1-25,1-25-A-18,12:27:00,veh_8974_bus,37.0,296.25,16001.716889789606,8.623311633846155
1774,1-25,1-25-A-18,12:57:00,veh_8975_bus,37.0,263.65,16001.716889789606,8.478082506466498
1775,1-25,1-25-A-18,13:27:00,veh_8976_bus,37.0,471.93333333333334,16001.716889789606,8.287629241592118
1776,1-25,1-25-A-18,13:57:00,veh_8977_bus,37.0,682.9666666666667,16001.716889789606,7.758463750837439
1777,1-25,1-25-A-18,14:27:00,veh_8978_bus,37.0,263.1,16001.716889789606,7.269259851282487
1778,1-25,1-25-A-18,14:57:00,veh_9111_bus,43.0,733.0333333333333,16001.716889789606,6.74626050530028
1779,1-25,1-25-A-18,15:07:00,veh_9037_bus,45.0,484.75,16001.716889789606,6.406575629556954
1780,1-25,1-25-A-18,15:16:00,veh_9117_bus,46.0,234.11666666666667,16001.716889789606,6.4677946632581
1781,1-25,1-25-A-18,15:28:00,veh_8990_bus,45.0,21.966666666666665,16001.716889789606,6.810916749723156
1782,1-25,1-25-A-18,15:39:00,veh_8995_bus,45.0,no_events,16001.716889789606,0.0
1783,1-25,1-25-A-18,15:51:00,veh_8991_bus,45.0,736.2,16001.716889789606,5.6487213948882
1784,1-25,1-25-A-18,16:00:00,veh_8992_bus,45.0,no_events,16001.716889789606,0.0
1785,1-25,1-25-A-18,16:14:00,veh_8993_bus,45.0,490.56666666666666,16001.716889789606,5.157911468636804
1786,1-25,1-25-A-18,16:31:00,veh_8994_bus,45.0,9.6,16001.716889789606,4.8987417083819045
1787,1-25,1-25-A-18,16:46:00,veh_9108_bus,44.0,9.483333333333333,16001.716889789606,5.079198396584377
1788,1-25,1-25-A-18,17:16:00,veh_9112_bus,40.0,8.866666666666667,16001.716889789606,5.424440814161553
1789,1-25,1-25-A-18,17:52:00,veh_8979_bus,37.0,248.68333333333334,16001.716889789606,4.806339724787721
1790,1-25,1-25-A-18,18:52:00,veh_9125_bus,35.0,204.35,16001.716889789606,4.6836075928544485
1791,1-25,1-25-A-18,19:52:00,veh_9133_bus,34.0,no_events,16001.716889789606,0.0
1792,1-25,1-25-A-18,20:52:00,veh_9014_bus,32.0,no_events,16001.716889789606,0.0
1793,1-25,1-25-A-18,21:52:00,veh_9015_bus,32.0,no_events,16001.716889789606,0.0
1794,1-25,1-25-A-18,22:52:00,veh_9012_bus,31.0,no_events,16001.716889789606,0.0
1795,1-25,1-25-A-18,23:52:00,veh_9013_bus,31.0,no_events,16001.716889789606,0.0
1796,1-25,1-25-R-16,06:42:00,veh_9128_bus,37.0,36.983333333333334,15921.927881507172,17.306694959812468
1797,1-25,1-25-R-16,06:58:00,veh_8675_bus,38.0,36.016666666666666,15921.927881507172,17.865609768122447
1798,1-25,1-25-R-16,07:13:00,veh_9118_bus,39.0,41.88333333333333,15921.927881507172,17.7767312888525
1799,1-25,1-25-R-16,07:27:00,veh_9129_bus,44.0,46.266666666666666,15921.927881507172,15.7965841213676
1800,1-25,1-25-R-16,07:41:00,veh_8884_bus,46.0,46.916666666666664,15921.927881507172,16.029956538613142
1801,1-25,1-25-R-16,07:56:00,veh_8885_bus,46.0,51.85,15921.927881507172,16.04509465952411
1802,1-25,1-25-R-16,08:10:00,veh_9109_bus,43.0,42.483333333333334,15921.927881507172,15.724438603303266
1803,1-25,1-25-R-16,08:43:00,veh_8873_bus,38.0,52.766666666666666,15921.927881507172,15.496873965003802
1804,1-25,1-25-R-16,09:14:00,veh_9008_bus,37.0,52.666666666666664,15921.927881507172,15.019306275279774
1805,1-25,1-25-R-16,09:44:00,veh_9009_bus,37.0,1210.8666666666666,15921.927881507172,6.059312574358143
1806,1-25,1-25-R-16,10:14:00,veh_9010_bus,37.0,1181.4333333333334,15921.927881507172,5.674374354189821
1807,1-25,1-25-R-16,10:44:00,veh_9011_bus,37.0,324.71666666666664,15921.927881507172,5.200681851212649
1808,1-25,1-25-R-16,11:14:00,veh_9016_bus,38.0,1122.7833333333333,15921.927881507172,4.655591469275479
1809,1-25,1-25-R-16,11:44:00,veh_9017_bus,38.0,563.6,15921.927881507172,3.2324088456308044
1810,1-25,1-25-R-16,12:14:00,veh_9018_bus,38.0,3.45,15921.927881507172,2.8910924316396196
1811,1-25,1-25-R-16,12:44:00,veh_9019_bus,38.0,4.866666666666666,15921.927881507172,2.5410396830227517
1812,1-25,1-25-R-16,13:14:00,veh_9020_bus,38.0,6.866666666666666,15921.927881507172,2.1996719952762787
1813,1-25,1-25-R-16,13:44:00,veh_9021_bus,38.0,2.55,15921.927881507172,1.816134111962069
1814,1-25,1-25-R-16,14:14:00,veh_9022_bus,38.0,1.9833333333333334,15921.927881507172,1.9772260699427466
1815,1-25,1-25-R-16,14:44:00,veh_9023_bus,38.0,3.0,15921.927881507172,2.095756240949259
1816,1-25,1-25-R-16,14:58:00,veh_9132_bus,44.0,3.1666666666666665,15921.927881507172,2.046406318902465
1817,1-25,1-25-R-16,15:10:00,veh_9119_bus,48.0,3.7,15921.927881507172,2.165376085346688
1818,1-25,1-25-R-16,15:27:00,veh_9123_bus,51.0,3.7,15921.927881507172,2.165376085346688
1819,1-25,1-25-R-16,15:41:00,veh_9127_bus,52.0,3.7,15921.927881507172,2.1649554000086684
1820,1-25,1-25-R-16,16:12:00,veh_8916_bus,51.0,3.2333333333333334,15921.927881507172,1.905860553886848
1821,1-25,1-25-R-16,16:46:00,veh_9120_bus,47.0,3.6,15921.927881507172,2.164198890648474
1822,1-25,1-25-R-16,18:09:00,veh_9126_bus,38.0,408.45,15921.927881507172,1.6181629505218353
1823,1-25,1-25-R-16,20:13:00,veh_9024_bus,34.0,290.05,15921.927881507172,1.5706211579231995
1824,1-25,1-25-R-16,21:13:00,veh_9025_bus,34.0,232.51666666666668,15921.927881507172,1.5706212341883004
1825,1-25,1-25-R-16,22:13:00,veh_9026_bus,34.0,2.033333333333333,15921.927881507172,1.56658781436987
1826,1-25,1-25-R-16,23:14:00,veh_8996_bus,33.0,2.5,15921.927881507172,1.6567081937773867
1827,1-25,1-25-R-16,24:14:00,veh_8997_bus,33.0,1.7333333333333334,15921.927881507172,1.6432739395293696
1828,1-22,1-22-A-15,06:22:00,veh_7698_bus,30.0,29.133333333333333,14758.007537949254,18.27254609859252
1829,1-22,1-22-A-15,06:52:00,veh_7627_bus,34.0,33.25,14758.007537949254,18.32521985093151
1830,1-22,1-22-A-15,07:22:00,veh_7722_bus,38.0,36.96666666666667,14758.007537949254,18.18406138916304
1831,1-22,1-22-A-15,07:52:00,veh_7723_bus,38.0,1219.6,14758.007537949254,11.074675793017342
1832,1-22,1-22-A-15,08:22:00,veh_7710_bus,37.0,970.8,14758.007537949254,9.90970361652912
1833,1-22,1-22-A-15,15:22:00,veh_7725_bus,39.0,no_events,14758.007537949254,0.0
1834,1-22,1-22-A-15,15:52:00,veh_7732_bus,42.0,no_events,14758.007537949254,0.0
1835,1-22,1-22-A-15,16:22:00,veh_7709_bus,42.0,no_events,14758.007537949254,0.0
1836,1-22,1-22-A-15,16:52:00,veh_7727_bus,38.0,no_events,14758.007537949254,0.0
1837,1-22,1-22-A-15,17:22:00,veh_7731_bus,35.0,no_events,14758.007537949254,0.0
1838,1-22,1-22-A-15,18:22:00,veh_7726_bus,32.0,no_events,14758.007537949254,0.0
1839,1-19,1-19-A-2,07:13:00,veh_7261_bus,26.0,104.25,6549.013272487565,7.021002120737248
1840,1-19,1-19-A-2,07:14:00,veh_7266_bus,26.0,99.13333333333334,6549.013272487565,6.975485309119789
1841,1-19,1-19-R-293,08:07:00,veh_7255_bus,29.0,71.85,6578.821481549161,8.474114695743914
1842,1-18,1-18-A-228,06:22:00,veh_6066_bus,25.0,24.5,12411.100613530127,11.649701010290345
1843,1-18,1-18-A-228,06:51:00,veh_6083_bus,26.0,25.55,12411.100613530127,12.073939972086743
1844,1-18,1-18-A-228,07:06:00,veh_6060_bus,29.0,27.85,12411.100613530127,12.113245381296926
1845,1-18,1-18-A-228,07:22:00,veh_5943_bus,30.0,261.0833333333333,12411.100613530127,8.191152248939746
1846,1-18,1-18-A-228,07:38:00,veh_5944_bus,30.0,488.15,12411.100613530127,8.039321292714241
1847,1-18,1-18-A-228,07:54:00,veh_6062_bus,31.0,954.3333333333334,12411.100613530127,8.03109817798878
1848,1-18,1-18-A-228,08:23:00,veh_6046_bus,31.0,925.35,12411.100613530127,7.531825029370923
1849,1-18,1-18-A-228,11:54:00,veh_5948_bus,30.0,18.216666666666665,12411.100613530127,1.3455687246150783
1850,1-18,1-18-A-228,12:25:00,veh_5949_bus,30.0,2.3333333333333335,12411.100613530127,1.2951997642007131
1851,1-18,1-18-A-228,12:54:00,veh_5945_bus,29.0,1.2833333333333334,12411.100613530127,1.1255813877519518
1852,1-18,1-18-A-228,13:23:00,veh_5946_bus,29.0,1.6333333333333333,12411.100613530127,1.1803779599074478
1853,1-18,1-18-A-228,13:53:00,veh_5947_bus,29.0,1.6333333333333333,12411.100613530127,1.1803779599074478
1854,1-18,1-18-A-228,14:22:00,veh_6085_bus,30.0,225.33333333333334,12411.100613530127,1.1124795576942952
1855,1-18,1-18-A-228,14:52:00,veh_5950_bus,31.0,197.68333333333334,12411.100613530127,1.095171403285287
1856,1-18,1-18-A-228,15:22:00,veh_6054_bus,32.0,172.25,12411.100613530127,1.0951739485832654
1857,1-18,1-18-A-228,15:49:00,veh_6079_bus,42.0,147.58333333333334,12411.100613530127,1.0988802983552728
1858,1-18,1-18-A-228,16:22:00,veh_5930_bus,39.0,no_events,12411.100613530127,0.0
1859,1-18,1-18-A-228,16:55:00,veh_6056_bus,38.0,no_events,12411.100613530127,0.0
1860,1-18,1-18-A-228,17:16:00,veh_6019_bus,33.0,no_events,12411.100613530127,0.0
1861,1-18,1-18-A-228,17:30:00,veh_5952_bus,31.0,no_events,12411.100613530127,0.0
1862,1-18,1-18-A-228,17:41:00,veh_6058_bus,30.0,no_events,12411.100613530127,0.0
1863,1-18,1-18-A-228,17:57:00,veh_6059_bus,30.0,no_events,12411.100613530127,0.0
1864,1-18,1-18-A-228,18:11:00,veh_5955_bus,29.0,no_events,12411.100613530127,0.0
1865,1-18,1-18-A-228,18:25:00,veh_6057_bus,27.0,no_events,12411.100613530127,0.0
1866,1-18,1-18-A-228,20:49:00,veh_6064_bus,24.0,no_events,12411.100613530127,0.0
1867,1-18,1-18-A-228,21:48:00,veh_6065_bus,24.0,no_events,12411.100613530127,0.0
1868,1-18,1-18-R-233,06:17:00,veh_6078_bus,27.0,24.45,12302.844658699787,20.277619855125266
1869,1-18,1-18-R-233,06:30:00,veh_6045_bus,29.0,26.45,12302.844658699787,19.700992422753384
1870,1-18,1-18-R-233,06:44:00,veh_5951_bus,31.0,62.03333333333333,12302.844658699787,20.391067530145783
1871,1-18,1-18-R-233,06:58:00,veh_6080_bus,33.0,1003.6,12302.844658699787,5.8269108214520795
1872,1-18,1-18-R-233,07:11:00,veh_6081_bus,35.0,510.6166666666667,12302.844658699787,6.298657481998219
1873,1-18,1-18-R-233,07:22:00,veh_6061_bus,36.0,19.133333333333333,12302.844658699787,5.652554785082938
1874,1-18,1-18-R-233,07:33:00,veh_6021_bus,38.0,16.4,12302.844658699787,5.800213847691595
1875,1-18,1-18-R-233,07:44:00,veh_6022_bus,38.0,478.96666666666664,12302.844658699787,4.98812406526705
1876,1-18,1-18-R-233,07:56:00,veh_6020_bus,38.0,1186.8833333333334,12302.844658699787,5.129975966800691
1877,1-18,1-18-R-233,08:05:00,veh_6044_bus,37.0,215.41666666666666,12302.844658699787,4.627478549118641
1878,1-18,1-18-R-233,08:15:00,veh_6043_bus,37.0,208.5,12302.844658699787,5.092342861758348
1879,1-18,1-18-R-233,08:30:00,veh_5953_bus,35.0,190.76666666666668,12302.844658699787,5.236759293796359
1880,1-18,1-18-R-233,08:44:00,veh_6072_bus,34.0,177.25,12302.844658699787,5.179839969538549
1881,1-18,1-18-R-233,09:15:00,veh_5991_bus,33.0,1107.8833333333334,12302.844658699787,5.217541829697646
1882,1-18,1-18-R-233,09:45:00,veh_5992_bus,33.0,12.816666666666666,12302.844658699787,4.977076477443103
1883,1-18,1-18-R-233,10:16:00,veh_5810_bus,32.0,84.65,12302.844658699787,4.298025820264098
1884,1-18,1-18-R-233,10:46:00,veh_5811_bus,32.0,57.75,12302.844658699787,4.925566910133831
1885,1-18,1-18-R-233,11:14:00,veh_5993_bus,33.0,508.8,12302.844658699787,4.876278774964947
1886,1-18,1-18-R-233,11:43:00,veh_5954_bus,35.0,960.2166666666667,12302.844658699787,4.657543004396067
1887,1-18,1-18-R-233,12:14:00,veh_5994_bus,33.0,836.3,12302.844658699787,4.121062045898136
1888,1-18,1-18-R-233,12:43:00,veh_5995_bus,33.0,10.483333333333333,12302.844658699787,4.224110920007736
1889,1-18,1-18-R-233,13:13:00,veh_5996_bus,33.0,67.63333333333334,12302.844658699787,3.5453029993273764
1890,1-18,1-18-R-233,13:42:00,veh_5997_bus,33.0,40.85,12302.844658699787,3.9429998462709106
1891,1-18,1-18-R-233,14:11:00,veh_5998_bus,33.0,18.166666666666668,12302.844658699787,4.019625774436981
1892,1-18,1-18-R-233,14:40:00,veh_5999_bus,33.0,447.68333333333334,12302.844658699787,4.03664860148245
1893,1-18,1-18-R-233,15:06:00,veh_6000_bus,36.0,665.5833333333334,12302.844658699787,3.7851872407405565
1894,1-18,1-18-R-233,15:35:00,veh_6067_bus,39.0,12.783333333333333,12302.844658699787,2.868282811573868
1895,1-18,1-18-R-233,16:06:00,veh_6068_bus,39.0,11.05,12302.844658699787,2.7290996264704783
1896,1-18,1-18-R-233,16:37:00,veh_6069_bus,39.0,583.3166666666667,12302.844658699787,2.600458120626018
1897,1-18,1-18-R-233,17:10:00,veh_6082_bus,38.0,180.58333333333334,12302.844658699787,2.2929255115002434
1898,1-18,1-18-R-233,17:45:00,veh_6053_bus,32.0,3.15,12302.844658699787,1.9076698095664109
1899,1-18,1-18-R-233,18:16:00,veh_6023_bus,30.0,3.55,12302.844658699787,1.9063696106805101
1900,1-18,1-18-R-233,19:15:00,veh_6025_bus,28.0,1.9166666666666667,12302.844658699787,1.3407070209920624
1901,1-18,1-18-R-233,20:15:00,veh_6026_bus,28.0,2.8833333333333333,12302.844658699787,1.88476553266017
1902,1-18,1-18-R-233,21:17:00,veh_6037_bus,25.0,2.8333333333333335,12302.844658699787,1.8848795102087912
1903,1-18,1-18-R-233,22:19:00,veh_6063_bus,24.0,2.8833333333333333,12302.844658699787,1.88476553266017
1904,1-18,1-18-R-233,23:20:00,veh_6024_bus,23.0,2.8833333333333333,12302.844658699787,1.88476553266017
1905,1-15,1-15-A-16,06:53:00,veh_4857_bus,24.0,28.833333333333332,13527.247980897486,12.95836024261228
1906,1-15,1-15-A-16,07:55:00,veh_4856_bus,25.0,26.65,13527.247980897486,12.536150082827668
1907,1-15,1-15-A-16,08:58:00,veh_4858_bus,24.0,22.183333333333334,13527.247980897486,12.461474416367322
1908,1-15,1-15-A-16,09:53:00,veh_4859_bus,24.0,22.166666666666668,13527.247980897486,12.619809222841774
1909,1-15,1-15-A-16,10:54:00,veh_4860_bus,24.0,22.183333333333334,13527.247980897486,12.359731146987126
1910,1-15,1-15-A-16,11:56:00,veh_4861_bus,24.0,22.133333333333333,13527.247980897486,12.028394746079956
1911,1-15,1-15-A-16,12:58:00,veh_4862_bus,24.0,22.166666666666668,13527.247980897486,12.395009014159157
1912,1-15,1-15-A-16,14:00:00,veh_4863_bus,24.0,22.166666666666668,13527.247980897486,12.218800875153715
1913,1-15,1-15-A-16,14:56:00,veh_4864_bus,24.0,22.1,13527.247980897486,12.370431579034236
1914,1-15,1-15-A-16,15:53:00,veh_4869_bus,25.0,25.533333333333335,13527.247980897486,12.261464743708345
1915,1-15,1-15-A-16,16:54:00,veh_4865_bus,24.0,22.166666666666668,13527.247980897486,12.491133309833405
1916,1-15,1-15-A-16,17:57:00,veh_4866_bus,24.0,22.166666666666668,13527.247980897486,12.31312863881625
1917,1-15,1-15-A-16,18:56:00,veh_4867_bus,24.0,22.166666666666668,13527.247980897486,12.618616551600299
1918,1-15,1-15-R-15,07:53:00,veh_4448_bus,25.0,no_events,13375.884707038049,0.0
1919,1-15,1-15-R-15,08:50:00,veh_4449_bus,25.0,no_events,13375.884707038049,0.0
1920,1-15,1-15-R-15,11:52:00,veh_4450_bus,25.0,no_events,13375.884707038049,0.0
1921,1-15,1-15-R-15,12:53:00,veh_4451_bus,25.0,24.033333333333335,13375.884707038049,15.956040924314133
1922,1-15,1-15-R-15,13:01:00,veh_4442_bus,25.0,21.716666666666665,13375.884707038049,15.469875166353148
1923,1-15,1-15-R-15,13:54:00,veh_4452_bus,25.0,23.866666666666667,13375.884707038049,15.557693166861732
1924,1-15,1-15-R-15,14:02:00,veh_4443_bus,25.0,20.466666666666665,13375.884707038049,15.118809963805791
1925,1-15,1-15-R-15,14:55:00,veh_4453_bus,25.0,22.316666666666666,13375.884707038049,15.503715085275534
1926,1-15,1-15-R-15,15:03:00,veh_4444_bus,25.0,20.466666666666665,13375.884707038049,15.346374671281083
1927,1-15,1-15-R-15,15:49:00,veh_4658_bus,27.0,25.016666666666666,13375.884707038049,15.62352696692624
1928,1-15,1-15-R-15,16:03:00,veh_4445_bus,25.0,20.966666666666665,13375.884707038049,15.643048576973792
1929,1-15,1-15-R-15,16:54:00,veh_4868_bus,29.0,20.416666666666668,13375.884707038049,15.260259600631045
1930,1-15,1-15-R-15,17:04:00,veh_4446_bus,25.0,21.283333333333335,13375.884707038049,15.336840727523118
1931,1-15,1-15-R-15,17:50:00,veh_4870_bus,26.0,20.066666666666666,13375.884707038049,15.176958291333877
1932,1-15,1-15-R-15,18:05:00,veh_4447_bus,25.0,21.466666666666665,13375.884707038049,15.321984445426688
1933,1-15,1-15-R-15,18:52:00,veh_4454_bus,25.0,21.0,13375.884707038049,15.442474853174389
1934,1-15,1-15-R-15,19:52:00,veh_4455_bus,25.0,no_events,13375.884707038049,0.0
1935,1-16,1-16-A-26,08:18:00,veh_5270_bus,40.0,217.8,11477.274409731031,6.306123659209218
1936,1-16,1-16-A-26,09:19:00,veh_5171_bus,34.0,397.8333333333333,11477.274409731031,5.193799996201868
1937,1-16,1-16-A-26,10:19:00,veh_5271_bus,33.0,577.2,11477.274409731031,3.7066833184742007
1938,1-16,1-16-A-26,11:19:00,veh_5172_bus,34.0,49.2,11477.274409731031,0.9009667716843309
1939,1-16,1-16-A-26,12:20:00,veh_5173_bus,34.0,1.0333333333333334,11477.274409731031,0.9148419268539263
1940,1-16,1-16-A-26,13:19:00,veh_5272_bus,33.0,0.9666666666666667,11477.274409731031,0.8872750676171174
1941,1-16,1-16-A-26,14:19:00,veh_5273_bus,33.0,0.2,11477.274409731031,0.5365846921656373
1942,1-16,1-16-A-26,15:19:00,veh_5144_bus,44.0,0.2,11477.274409731031,0.5365846921656373
1943,1-16,1-16-A-26,15:42:00,veh_5274_bus,41.0,0.2,11477.274409731031,0.5365846921656373
1944,1-16,1-16-A-26,16:13:00,veh_5295_bus,43.0,0.2,11477.274409731031,0.5365846921656373
1945,1-16,1-16-A-26,18:19:00,veh_5243_bus,32.0,no_events,11477.274409731031,0.0
1946,1-16,1-16-A-26,19:18:00,veh_5288_bus,30.0,no_events,11477.274409731031,0.0
1947,1-16,1-16-A-26,20:18:00,veh_5241_bus,29.0,no_events,11477.274409731031,0.0
1948,1-16,1-16-A-26,21:18:00,veh_5242_bus,29.0,no_events,11477.274409731031,0.0
1949,1-36,1-36-A-1,06:05:00,veh_16237_bus,51.0,54.65,21963.715971454192,19.119927528633177
1950,1-36,1-36-A-1,07:30:00,veh_16231_bus,62.0,150.3,21963.715971454192,19.691502403976614
1951,1-36,1-36-A-1,15:59:00,veh_16331_bus,62.0,29.083333333333332,21963.715971454192,11.729648754695237
1952,1-33,1-33-A-132,07:40:00,veh_15007_bus,10.0,87.98333333333333,3959.3833539263724,3.402121415881167
1953,1-34,1-34-A-237,06:24:00,veh_15676_bus,15.0,19.916666666666668,10656.282590515733,7.505405384529446
1954,1-34,1-34-A-237,06:59:00,veh_15669_bus,15.0,34.3,10656.282590515733,7.024674393783148
1955,1-34,1-34-A-237,07:29:00,veh_15670_bus,15.0,42.03333333333333,10656.282590515733,7.016307995356091
1956,1-34,1-34-A-237,08:00:00,veh_15671_bus,15.0,51.766666666666666,10656.282590515733,7.504285689858192
1957,1-34,1-34-A-237,10:43:00,veh_15677_bus,15.0,17.916666666666668,10656.282590515733,7.644942895895817
1958,1-34,1-34-A-237,10:56:00,veh_15665_bus,15.0,17.683333333333334,10656.282590515733,7.6548992374811515
1959,1-34,1-34-A-237,12:43:00,veh_15672_bus,15.0,17.916666666666668,10656.282590515733,7.611064895762051
1960,1-34,1-34-A-237,12:56:00,veh_15667_bus,15.0,18.133333333333333,10656.282590515733,7.661980635113707
1961,1-34,1-34-A-237,14:43:00,veh_15678_bus,15.0,17.566666666666666,10656.282590515733,7.5320276193727835
1962,1-34,1-34-A-237,14:57:00,veh_15666_bus,15.0,19.55,10656.282590515733,7.830004690411711
1963,1-34,1-34-A-237,16:44:00,veh_15679_bus,15.0,22.0,10656.282590515733,7.701279141644645
1964,1-34,1-34-A-237,16:58:00,veh_15668_bus,15.0,20.466666666666665,10656.282590515733,7.609548996138633
1965,1-34,1-34-A-237,17:12:00,veh_15675_bus,15.0,19.4,10656.282590515733,7.723037179165445
1966,1-34,1-34-A-237,17:43:00,veh_15673_bus,15.0,18.216666666666665,10656.282590515733,7.793827396831777
1967,1-34,1-34-A-237,18:13:00,veh_15674_bus,15.0,18.033333333333335,10656.282590515733,7.679506445355067
1968,1-34,1-34-A-237,18:42:00,veh_15680_bus,15.0,18.1,10656.282590515733,7.640253688625389
1969,1-34,1-34-A-237,21:43:00,veh_15713_bus,13.0,17.833333333333332,10656.282590515733,7.571226834500948
1970,1-34,1-34-A-237,23:43:00,veh_15714_bus,13.0,17.416666666666668,10656.282590515733,7.524302030502685
1971,1-31,1-31-R-235,06:36:00,veh_14452_bus,13.0,15.35,8845.382961893076,11.786048743000531
1972,1-31,1-31-R-235,07:18:00,veh_14458_bus,14.0,51.78333333333333,8845.382961893076,12.02000560728194
1973,1-31,1-31-R-235,07:52:00,veh_14457_bus,14.0,86.66666666666667,8845.382961893076,11.9538167855674
1974,1-31,1-31-R-235,15:48:00,veh_14453_bus,13.0,12.483333333333333,8845.382961893076,12.701023753124636
1975,1-31,1-31-R-235,16:20:00,veh_14454_bus,13.0,12.566666666666666,8845.382961893076,12.531419538962915
1976,1-31,1-31-R-235,17:02:00,veh_14455_bus,13.0,22.266666666666666,8845.382961893076,11.931538655750359
1977,1-31,1-31-R-235,17:30:00,veh_14456_bus,13.0,13.283333333333333,8845.382961893076,11.466012097499563
1978,1-32,1-32-A-19,07:15:00,veh_14759_bus,21.0,46.53333333333333,20515.97327866549,113.96247849717531
1979,1-32,1-32-A-19,07:16:00,veh_14765_bus,21.0,46.516666666666666,20515.97327866549,113.56905286849388
1980,1-32,1-32-A-19,07:50:00,veh_14770_bus,21.0,54.6,20515.97327866549,113.64486808989126
1981,1-32,1-32-A-19,07:52:00,veh_14760_bus,21.0,58.833333333333336,20515.97327866549,113.51899542963433
1982,1-530,1-530-A-8,06:36:00,veh_20087_bus,43.0,808.9,22712.377267481523,10.912372994414916
1983,1-530,1-530-A-8,06:51:00,veh_20084_bus,49.0,1140.4,22712.377267481523,8.294401164950717
1984,1-530,1-530-A-8,07:22:00,veh_20051_bus,52.0,176.68333333333334,22712.377267481523,7.725638150716198
1985,1-530,1-530-A-8,08:01:00,veh_20088_bus,50.0,127.15,22712.377267481523,6.701886525708278
1986,1-530,1-530-R-7,15:37:00,veh_20072_bus,51.0,2.15,21301.261401920718,1.3760911028462313
1987,1-530,1-530-R-7,16:10:00,veh_20086_bus,56.0,4.616666666666666,21301.261401920718,0.9147483878297832
1988,1-530,1-530-R-7,16:56:00,veh_20085_bus,52.0,2.1333333333333333,21301.261401920718,1.1058297734148737
1989,1-530,1-530-R-7,17:17:00,veh_20083_bus,49.0,no_events,21301.261401920718,0.0
1990,1-28,1-28-A-23,05:54:00,veh_11323_bus,25.0,25.05,7303.135428398308,6.825017084756167
1991,1-28,1-28-A-23,06:23:00,veh_11594_bus,27.0,31.866666666666667,7303.135428398308,6.652758476762761
1992,1-28,1-28-A-23,06:51:00,veh_11597_bus,31.0,78.23333333333333,7303.135428398308,6.281707953269106
1993,1-28,1-28-A-23,07:07:00,veh_11320_bus,32.0,201.58333333333334,7303.135428398308,5.698890368588335
1994,1-28,1-28-A-23,07:23:00,veh_11567_bus,36.0,198.2,7303.135428398308,5.571004557034381
1995,1-28,1-28-A-23,07:38:00,veh_11582_bus,38.0,194.3,7303.135428398308,6.739748613520571
1996,1-28,1-28-A-23,07:55:00,veh_11315_bus,37.0,183.3,7303.135428398308,5.713798170678467
1997,1-28,1-28-A-23,08:09:00,veh_11593_bus,34.0,177.63333333333333,7303.135428398308,6.18627700525436
1998,1-28,1-28-A-23,08:25:00,veh_11596_bus,32.0,169.86666666666667,7303.135428398308,5.495391754945319
1999,1-28,1-28-A-23,08:40:00,veh_11321_bus,30.0,62.46666666666667,7303.135428398308,0.3571639989096437
2000,1-28,1-28-A-23,08:54:00,veh_11322_bus,30.0,49.96666666666667,7303.135428398308,0.35942413405889734
2001,1-28,1-28-A-23,15:24:00,veh_11598_bus,33.0,no_events,7303.135428398308,0.0
2002,1-28,1-28-A-23,15:55:00,veh_11589_bus,34.0,no_events,7303.135428398308,0.0
2003,1-28,1-28-A-23,16:26:00,veh_11324_bus,33.0,no_events,7303.135428398308,0.0
2004,1-28,1-28-A-23,16:56:00,veh_11583_bus,32.0,no_events,7303.135428398308,0.0
2005,1-28,1-28-A-23,17:26:00,veh_11561_bus,31.0,no_events,7303.135428398308,0.0
2006,1-28,1-28-A-23,17:55:00,veh_11316_bus,29.0,no_events,7303.135428398308,0.0
2007,1-28,1-28-A-23,18:25:00,veh_11584_bus,27.0,no_events,7303.135428398308,0.0
2008,1-28,1-28-A-23,18:54:00,veh_11436_bus,26.0,no_events,7303.135428398308,0.0
2009,1-28,1-28-A-23,22:53:00,veh_11317_bus,22.0,no_events,7303.135428398308,0.0
2010,1-28,1-28-A-23,23:23:00,veh_11318_bus,22.0,no_events,7303.135428398308,0.0
2011,1-28,1-28-A-23,23:53:00,veh_11319_bus,22.0,no_events,7303.135428398308,0.0
2012,1-28,1-28-R-26,06:25:00,veh_11228_bus,22.0,22.333333333333332,7244.768494526976,6.698759439472694
2013,1-28,1-28-R-26,06:54:00,veh_11551_bus,23.0,29.366666666666667,7244.768494526976,7.247174664128842
2014,1-28,1-28-R-26,07:22:00,veh_11325_bus,27.0,103.3,7244.768494526976,7.074086144873593
2015,1-28,1-28-R-26,07:51:00,veh_11590_bus,28.0,87.5,7244.768494526976,6.858159180475969
2016,1-28,1-28-R-26,08:06:00,veh_11591_bus,28.0,372.6666666666667,7244.768494526976,6.5752049139025255
2017,1-28,1-28-R-26,08:21:00,veh_11326_bus,27.0,357.26666666666665,7244.768494526976,5.786722045735195
2018,1-28,1-28-R-26,15:21:00,veh_11592_bus,29.0,178.53333333333333,7244.768494526976,5.935027072149957
2019,1-28,1-28-R-26,15:34:00,veh_11586_bus,30.0,495.0833333333333,7244.768494526976,5.344305375936297
2020,1-28,1-28-R-26,15:47:00,veh_11574_bus,32.0,49.85,7244.768494526976,2.164206148747222
2021,1-28,1-28-R-26,16:02:00,veh_11575_bus,32.0,58.1,7244.768494526976,2.8914025820726157
2022,1-28,1-28-R-26,16:16:00,veh_11585_bus,33.0,131.86666666666667,7244.768494526976,2.764166672085947
2023,1-28,1-28-R-26,16:32:00,veh_11576_bus,32.0,352.1,7244.768494526976,2.572532530477358
2024,1-28,1-28-R-26,16:51:00,veh_11595_bus,31.0,355.06666666666666,7244.768494526976,2.5762847044305124
2025,1-28,1-28-R-26,17:10:00,veh_11587_bus,29.0,347.45,7244.768494526976,2.546561422001632
2026,1-28,1-28-R-26,17:25:00,veh_11581_bus,28.0,410.96666666666664,7244.768494526976,1.968211571346976
2027,1-28,1-28-R-26,17:52:00,veh_11573_bus,26.0,273.0,7244.768494526976,1.603296757926851
2028,1-28,1-28-R-26,18:24:00,veh_11588_bus,25.0,693.6166666666667,7244.768494526976,2.2986640734476995
2029,1-28,1-28-R-26,18:55:00,veh_11556_bus,24.0,664.95,7244.768494526976,1.7481947938520976
2030,1-28,1-28-R-26,19:25:00,veh_11557_bus,24.0,627.4666666666667,7244.768494526976,1.1694511918312422
2031,1-28,1-28-R-26,19:55:00,veh_11558_bus,24.0,601.5666666666667,7244.768494526976,1.1694510990434004
2032,1-28,1-28-R-26,20:25:00,veh_11559_bus,24.0,574.55,7244.768494526976,1.169450935599909
2033,1-28,1-28-R-26,20:55:00,veh_11560_bus,24.0,82.4,7244.768494526976,1.4038799034007519
2034,1-28,1-28-R-26,21:26:00,veh_11552_bus,23.0,58.86666666666667,7244.768494526976,1.4038790115554982
2035,1-28,1-28-R-26,21:56:00,veh_11553_bus,23.0,37.166666666666664,7244.768494526976,1.3988079302581742
2036,1-28,1-28-R-26,22:26:00,veh_11554_bus,23.0,15.466666666666667,7244.768494526976,1.4023492104832704
2037,1-28,1-28-R-26,22:56:00,veh_11555_bus,23.0,1.5333333333333334,7244.768494526976,1.6116017523850859
2038,1-28,1-28-R-26,23:27:00,veh_11229_bus,22.0,389.75,7244.768494526976,0.978080773448152
2039,1-28,1-28-R-26,23:57:00,veh_11231_bus,22.0,361.5,7244.768494526976,0.5175650338592873
2040,1-28,1-28-R-26,24:27:00,veh_11230_bus,22.0,0.4,7244.768494526976,0.5851128743996188
2041,1-29,1-29-A-35,06:03:00,veh_12353_bus,25.0,24.366666666666667,17635.266571582575,48.00368563040024
2042,1-29,1-29-A-35,06:32:00,veh_12332_bus,26.0,26.0,17635.266571582575,48.09443049223586
2043,1-29,1-29-A-35,07:00:00,veh_12331_bus,27.0,46.11666666666667,17635.266571582575,47.82984548340729
2044,1-29,1-29-A-35,07:27:00,veh_12350_bus,29.0,1210.4,17635.266571582575,3.4689804697432596
2045,1-29,1-29-A-35,07:56:00,veh_12354_bus,30.0,227.6,17635.266571582575,2.9169963602557725
2046,1-29,1-29-A-35,08:29:00,veh_12352_bus,27.0,4.533333333333333,17635.266571582575,2.3802114869163042
2047,1-538,1-538-A-11,06:29:00,veh_20283_bus,41.0,904.3666666666667,23295.654238993007,14.694963649277721
2048,1-538,1-538-A-11,07:08:00,veh_20262_bus,46.0,1144.7666666666667,23295.654238993007,10.609657508343773
2049,1-538,1-538-A-11,07:27:00,veh_20284_bus,51.0,382.3,23295.654238993007,8.958063331614412
2050,1-538,1-538-R-12,16:08:00,veh_20286_bus,52.0,4.0,24073.858989656303,0.9678162995356949
2051,1-538,1-538-R-12,16:51:00,veh_20261_bus,47.0,1.6333333333333333,24073.858989656303,1.2059007890609845
2052,1-538,1-538-R-12,17:19:00,veh_20285_bus,45.0,no_events,24073.858989656303,0.0
2053,1-537,1-537-A-10,06:29:00,veh_20217_bus,43.0,58.483333333333334,21567.581798711246,23.129687256199553
2054,1-537,1-537-A-10,06:59:00,veh_20220_bus,45.0,136.9,21567.581798711246,22.189776900321306
2055,1-537,1-537-A-10,07:22:00,veh_20215_bus,49.0,272.81666666666666,21567.581798711246,16.734557730410927
2056,1-537,1-537-R-11,16:07:00,veh_20219_bus,50.0,3.6666666666666665,21152.711319484624,1.0511214173999976
2057,1-537,1-537-R-11,16:39:00,veh_20216_bus,47.0,1.85,21152.711319484624,1.121864499440819
2058,1-537,1-537-R-11,17:12:00,veh_20214_bus,41.0,no_events,21152.711319484624,0.0
2059,1-537,1-537-R-11,17:37:00,veh_20218_bus,39.0,no_events,21152.711319484624,0.0
2060,1-536,1-536-A-12,06:47:00,veh_20099_bus,41.0,98.36666666666666,20757.770521422855,20.35954667241011
2061,1-536,1-536-A-12,07:20:00,veh_20132_bus,45.0,234.95,20757.770521422855,12.433156935041742
2062,1-536,1-536-R-10,16:06:00,veh_20130_bus,45.0,2.6666666666666665,20366.140330296545,1.0550731555859423
2063,1-536,1-536-R-10,17:13:00,veh_20131_bus,36.0,no_events,20366.140330296545,0.0
2064,1-39,1-39-A-443,06:13:00,veh_17113_bus,35.0,52.35,15982.345381348612,11.724925931437433
2065,1-39,1-39-A-443,06:40:00,veh_16588_bus,40.0,143.4,15982.345381348612,11.322668577855815
2066,1-39,1-39-A-443,07:05:00,veh_17111_bus,47.0,189.65,15982.345381348612,11.021617495482165
2067,1-39,1-39-A-443,07:32:00,veh_17116_bus,49.0,1145.1666666666667,15982.345381348612,9.573182312846782
2068,1-39,1-39-A-443,08:07:00,veh_17066_bus,43.0,136.95,15982.345381348612,9.28502119008646
2069,1-39,1-39-A-443,08:24:00,veh_17106_bus,41.0,126.85,15982.345381348612,8.885437976340478
2070,1-39,1-39-A-443,09:11:00,veh_17104_bus,38.0,773.5333333333333,15982.345381348612,9.06140973121101
2071,1-39,1-39-A-443,10:11:00,veh_17105_bus,38.0,237.41666666666666,15982.345381348612,9.21343934318998
2072,1-39,1-39-A-443,11:11:00,veh_17048_bus,40.0,655.45,15982.345381348612,9.250587645441142
2073,1-39,1-39-A-443,12:11:00,veh_17049_bus,40.0,355.51666666666665,15982.345381348612,9.364374333670696
2074,1-39,1-39-A-443,13:11:00,veh_17050_bus,40.0,883.6166666666667,15982.345381348612,9.395168799375977
2075,1-39,1-39-A-443,14:11:00,veh_17051_bus,40.0,19.133333333333333,15982.345381348612,7.241457834689436
2076,1-39,1-39-A-443,15:11:00,veh_17102_bus,41.0,19.15,15982.345381348612,7.149117422738452
2077,1-39,1-39-A-443,16:10:00,veh_17112_bus,45.0,20.116666666666667,15982.345381348612,7.016347231286424
2078,1-39,1-39-A-443,17:11:00,veh_17115_bus,40.0,104.25,15982.345381348612,6.947436111579122
2079,1-39,1-39-A-443,18:12:00,veh_17064_bus,38.0,165.5,15982.345381348612,7.2052521936987555
2080,1-39,1-39-A-443,19:13:00,veh_17103_bus,36.0,350.68333333333334,15982.345381348612,7.075231867395432
2081,1-39,1-39-A-443,20:13:00,veh_17114_bus,35.0,294.1666666666667,15982.345381348612,6.746350929736075
2082,1-39,1-39-A-443,21:13:00,veh_17027_bus,34.0,238.3,15982.345381348612,6.747833120251714
2083,1-39,1-39-A-443,23:13:00,veh_17028_bus,34.0,303.1,15982.345381348612,7.049629982926749
2084,1-39,1-39-R-442,07:11:00,veh_17065_bus,44.0,90.66666666666667,16383.24106025399,21.79789480405072
2085,1-39,1-39-R-442,08:13:00,veh_17087_bus,42.0,123.9,16383.24106025399,21.43980221226379
2086,1-39,1-39-R-442,08:43:00,veh_17047_bus,40.0,120.48333333333333,16383.24106025399,20.884339135989787
2087,1-39,1-39-R-442,09:16:00,veh_17045_bus,37.0,98.03333333333333,16383.24106025399,21.230751937338933
2088,1-39,1-39-R-442,10:16:00,veh_17046_bus,37.0,0.25,16383.24106025399,0.5861693458599749
2089,1-39,1-39-R-442,11:16:00,veh_17040_bus,38.0,0.25,16383.24106025399,0.5861693458599749
2090,1-39,1-39-R-442,12:16:00,veh_17041_bus,38.0,0.25,16383.24106025399,0.5861693458599749
2091,1-39,1-39-R-442,13:16:00,veh_17042_bus,38.0,0.25,16383.24106025399,0.5861693458599749
2092,1-39,1-39-R-442,14:16:00,veh_17043_bus,38.0,3.55,16383.24106025399,0.08064649557033825
2093,1-39,1-39-R-442,15:16:00,veh_17118_bus,40.0,427.28333333333336,16383.24106025399,0.07812711780370284
2094,1-39,1-39-R-442,15:44:00,veh_17044_bus,42.0,no_events,16383.24106025399,0.0
2095,1-39,1-39-R-442,16:10:00,veh_17088_bus,47.0,no_events,16383.24106025399,0.0
2096,1-39,1-39-R-442,16:43:00,veh_17117_bus,42.0,no_events,16383.24106025399,0.0
2097,1-39,1-39-R-442,17:14:00,veh_17029_bus,41.0,no_events,16383.24106025399,0.0
2098,1-39,1-39-R-442,17:45:00,veh_17089_bus,38.0,no_events,16383.24106025399,0.0
2099,1-39,1-39-R-442,23:19:00,veh_17052_bus,34.0,no_events,16383.24106025399,0.0
2100,1-39,1-39-R-442,24:19:00,veh_17053_bus,34.0,no_events,16383.24106025399,0.0
2101,1-1,1-1-A-311,05:47:00,veh_904_bus,25.0,26.616666666666667,11336.335321544697,21.730158805045974
2102,1-1,1-1-A-311,06:17:00,veh_905_bus,25.0,26.616666666666667,11336.335321544697,20.16716871517098
2103,1-1,1-1-A-311,06:44:00,veh_1167_bus,27.0,29.533333333333335,11336.335321544697,20.10779810313603
2104,1-1,1-1-A-311,06:54:00,veh_900_bus,25.0,30.883333333333333,11336.335321544697,20.546364511245766
2105,1-1,1-1-A-311,07:12:00,veh_886_bus,30.0,33.96666666666667,11336.335321544697,20.35772202594799
2106,1-1,1-1-A-311,07:39:00,veh_1180_bus,32.0,48.083333333333336,11336.335321544697,21.064245736686654
2107,1-1,1-1-A-311,07:51:00,veh_903_bus,25.0,66.56666666666666,11336.335321544697,19.93568344353544
2108,1-1,1-1-A-311,08:11:00,veh_1174_bus,32.0,65.38333333333334,11336.335321544697,20.078049745432793
2109,1-1,1-1-A-311,08:43:00,veh_964_bus,30.0,62.083333333333336,11336.335321544697,20.361297698222675
2110,1-1,1-1-A-311,09:12:00,veh_965_bus,30.0,61.483333333333334,11336.335321544697,20.564258449116704
2111,1-1,1-1-A-311,09:42:00,veh_966_bus,30.0,42.5,11336.335321544697,20.495068856683993
2112,1-1,1-1-A-311,10:12:00,veh_967_bus,30.0,227.45,11336.335321544697,20.61083469023757
2113,1-1,1-1-A-311,10:41:00,veh_1108_bus,31.0,202.18333333333334,11336.335321544697,20.223701170961945
2114,1-1,1-1-A-311,11:11:00,veh_1109_bus,31.0,175.91666666666666,11336.335321544697,20.429341561756143
2115,1-1,1-1-A-311,11:41:00,veh_1110_bus,31.0,150.65,11336.335321544697,20.37607868006006
2116,1-1,1-1-A-311,12:11:00,veh_1111_bus,31.0,628.2,11336.335321544697,3.096300254589222
2117,1-1,1-1-A-311,12:41:00,veh_1112_bus,31.0,601.9,11336.335321544697,2.7822212654737855
2118,1-1,1-1-A-311,13:11:00,veh_1113_bus,31.0,575.9,11336.335321544697,2.940340525165986
2119,1-1,1-1-A-311,13:41:00,veh_1114_bus,31.0,549.5,11336.335321544697,2.6160674255950993
2120,1-1,1-1-A-311,14:11:00,veh_1115_bus,31.0,524.2,11336.335321544697,2.49354050639356
2121,1-1,1-1-A-311,14:41:00,veh_1116_bus,31.0,498.1,11336.335321544697,2.4945451121350204
2122,1-1,1-1-A-311,15:11:00,veh_1117_bus,31.0,580.1,11336.335321544697,1.4302083360501618
2123,1-1,1-1-A-311,15:36:00,veh_1140_bus,35.0,575.1833333333333,11336.335321544697,1.4302843464543638
2124,1-1,1-1-A-311,16:05:00,veh_1181_bus,38.0,568.25,11336.335321544697,1.438303489253972
2125,1-1,1-1-A-311,16:39:00,veh_1168_bus,37.0,546.6333333333333,11336.335321544697,1.4966238988755
2126,1-1,1-1-A-311,17:14:00,veh_1141_bus,33.0,504.48333333333335,11336.335321544697,1.1332144874133752
2127,1-1,1-1-A-311,17:44:00,veh_1118_bus,31.0,489.6333333333333,11336.335321544697,1.1629788717180647
2128,1-1,1-1-A-311,18:17:00,veh_1175_bus,28.0,489.51666666666665,11336.335321544697,0.831208778806453
2129,1-1,1-1-A-311,18:47:00,veh_1176_bus,28.0,489.51666666666665,11336.335321544697,1.1221813311308835
2130,1-1,1-1-A-311,19:18:00,veh_1177_bus,28.0,488.5833333333333,11336.335321544697,1.1224518358309972
2131,1-1,1-1-A-311,20:53:00,veh_907_bus,25.0,2.05,11336.335321544697,0.24386684020091023
2132,1-1,1-1-A-311,21:53:00,veh_906_bus,25.0,2.533333333333333,11336.335321544697,0.2435655615419017
2133,1-1,1-1-A-311,22:54:00,veh_829_bus,23.0,2.033333333333333,11336.335321544697,0.24391588528908142
2134,1-1,1-1-A-311,23:54:00,veh_830_bus,23.0,2.033333333333333,11336.335321544697,0.24391588528908142
2135,1-1,1-1-R-313,06:31:00,veh_542_bus,26.0,24.65,11805.67374659841,114.85520007297222
2136,1-1,1-1-R-313,07:00:00,veh_831_bus,32.0,37.03333333333333,11805.67374659841,114.60713567689467
2137,1-1,1-1-R-313,07:16:00,veh_1106_bus,33.0,40.7,11805.67374659841,114.32915770221068
2138,1-1,1-1-R-313,07:32:00,veh_1150_bus,34.0,39.666666666666664,11805.67374659841,114.69564109709911
2139,1-1,1-1-R-313,07:48:00,veh_1152_bus,34.0,40.166666666666664,11805.67374659841,114.25549608412685
2140,1-1,1-1-R-313,08:02:00,veh_1151_bus,34.0,36.38333333333333,11805.67374659841,113.99847953584101
2141,1-1,1-1-R-313,08:17:00,veh_1047_bus,32.0,39.81666666666667,11805.67374659841,114.34253745484527
2142,1-1,1-1-R-313,08:32:00,veh_778_bus,30.0,34.916666666666664,11805.67374659841,114.70126269991702
2143,1-1,1-1-R-313,09:02:00,veh_779_bus,30.0,34.06666666666667,11805.67374659841,115.47506071816996
2144,1-1,1-1-R-313,09:32:00,veh_780_bus,30.0,32.03333333333333,11805.67374659841,114.8824207947544
2145,1-1,1-1-R-313,10:17:00,veh_781_bus,30.0,439.5,11805.67374659841,114.5451822628882
2146,1-1,1-1-R-313,11:17:00,veh_879_bus,32.0,766.3333333333334,11805.67374659841,114.60352313037278
2147,1-1,1-1-R-313,11:47:00,veh_880_bus,32.0,29.466666666666665,11805.67374659841,113.95847513164301
2148,1-1,1-1-R-313,12:17:00,veh_881_bus,32.0,955.5833333333334,11805.67374659841,113.3083173386994
2149,1-1,1-1-R-313,12:47:00,veh_882_bus,32.0,446.6166666666667,11805.67374659841,113.14619264055423
2150,1-1,1-1-R-313,13:17:00,veh_883_bus,32.0,18.25,11805.67374659841,112.53560796249278
2151,1-1,1-1-R-313,13:47:00,veh_884_bus,32.0,738.2,11805.67374659841,112.40771944143181
2152,1-1,1-1-R-313,14:17:00,veh_885_bus,32.0,241.05,11805.67374659841,112.06917308505655
2153,1-1,1-1-R-313,14:47:00,veh_912_bus,34.0,19.15,11805.67374659841,112.32915521991575
2154,1-1,1-1-R-313,15:17:00,veh_1132_bus,36.0,18.983333333333334,11805.67374659841,111.41729168741634
2155,1-1,1-1-R-313,15:48:00,veh_1172_bus,35.0,18.866666666666667,11805.67374659841,111.13780612503938
2156,1-1,1-1-R-313,16:18:00,veh_916_bus,37.0,117.76666666666667,11805.67374659841,111.87898679912405
2157,1-1,1-1-R-313,16:51:00,veh_917_bus,37.0,19.7,11805.67374659841,111.57583760567412
2158,1-1,1-1-R-313,17:22:00,veh_1173_bus,33.0,651.0333333333333,11805.67374659841,110.78964582191743
2159,1-1,1-1-R-313,17:51:00,veh_918_bus,31.0,12.716666666666667,11805.67374659841,110.78333027878564
2160,1-1,1-1-R-313,18:21:00,veh_1131_bus,30.0,12.166666666666666,11805.67374659841,110.408602115542
2161,1-1,1-1-R-313,18:50:00,veh_1171_bus,28.0,314.2,11805.67374659841,110.04402876908485
2162,1-1,1-1-R-313,19:20:00,veh_913_bus,27.0,284.8833333333333,11805.67374659841,110.04320266345267
2163,1-1,1-1-R-313,19:51:00,veh_914_bus,27.0,23.466666666666665,11805.67374659841,110.04324723708683
2164,1-1,1-1-R-313,20:22:00,veh_915_bus,27.0,25.166666666666668,11805.67374659841,110.21205570319651
2165,1-1,1-1-R-313,20:53:00,veh_539_bus,26.0,27.15,11805.67374659841,110.04419146691527
2166,1-1,1-1-R-313,21:23:00,veh_540_bus,26.0,29.25,11805.67374659841,17.544831253668217
2167,1-1,1-1-R-313,22:23:00,veh_541_bus,26.0,30.783333333333335,11805.67374659841,110.04299057289066
2168,1-1,1-1-R-313,24:23:00,veh_1166_bus,24.0,198.71666666666667,11805.67374659841,110.17267737224799
2169,1-185,1-185-A-54,06:35:00,veh_6202_bus,52.0,76.85,21611.781174110576,35.92216998729752
2170,1-185,1-185-A-54,07:15:00,veh_6205_bus,59.0,1244.6666666666667,21611.781174110576,31.333458238560937
2171,1-185,1-185-A-54,08:05:00,veh_6204_bus,53.0,472.9,21611.781174110576,31.815123135529884
2172,1-185,1-185-A-54,08:49:00,veh_6170_bus,48.0,911.3833333333333,21611.781174110576,29.96552168694404
2173,1-3,1-3-A-28,06:59:00,veh_13634_bus,32.0,204.03333333333333,8703.313766273015,8.65513269153657
2174,1-3,1-3-R-29,11:11:00,veh_13187_bus,30.0,657.6833333333333,8303.952010672314,9.961490385440175
2175,1-3,1-3-R-29,12:11:00,veh_13197_bus,30.0,722.9666666666667,8303.952010672314,9.383626047352456
2176,1-3,1-3-R-29,13:10:00,veh_13192_bus,30.0,911.1,8303.952010672314,7.90706650642225
2177,1-3,1-3-R-29,14:10:00,veh_13182_bus,30.0,15.883333333333333,8303.952010672314,7.568583537495927
2178,1-3,1-3-R-29,17:27:00,veh_13855_bus,31.0,666.0166666666667,8303.952010672314,1.9360909413171423
2179,1-4,1-4-A-34,07:31:00,veh_17938_bus,29.0,28.0,7485.49070295899,9.558640293996756
2180,1-4,1-4-A-34,07:46:00,veh_17674_bus,19.0,18.6,7485.49070295899,9.501704853858849
2181,1-4,1-4-A-34,07:47:00,veh_17918_bus,28.0,27.1,7485.49070295899,9.901083321260664
2182,1-4,1-4-A-34,08:02:00,veh_17939_bus,27.0,26.216666666666665,7485.49070295899,9.94898683347678
2183,1-4,1-4-A-34,08:18:00,veh_17942_bus,25.0,24.216666666666665,7485.49070295899,9.390381788719754
2184,1-4,1-4-A-34,08:33:00,veh_17646_bus,23.0,134.91666666666666,7485.49070295899,8.33908497724241
2185,1-4,1-4-A-34,08:46:00,veh_17675_bus,19.0,128.51666666666668,7485.49070295899,7.856838290520451
2186,1-4,1-4-A-34,08:47:00,veh_17636_bus,23.0,129.61666666666667,7485.49070295899,7.952163401662044
2187,1-4,1-4-A-34,09:02:00,veh_17477_bus,22.0,115.08333333333333,7485.49070295899,8.230811093755579
2188,1-4,1-4-A-34,09:17:00,veh_17471_bus,22.0,106.41666666666667,7485.49070295899,8.175533485648636
2189,1-4,1-4-A-34,09:46:00,veh_17472_bus,22.0,505.7,7485.49070295899,0.013451529966678016
2190,1-4,1-4-A-34,10:16:00,veh_17473_bus,22.0,no_events,7485.49070295899,0.0
2191,1-4,1-4-A-34,10:46:00,veh_17637_bus,23.0,no_events,7485.49070295899,0.0
2192,1-4,1-4-A-34,11:16:00,veh_17638_bus,23.0,no_events,7485.49070295899,0.0
2193,1-4,1-4-A-34,11:47:00,veh_17639_bus,23.0,no_events,7485.49070295899,0.0
2194,1-4,1-4-A-34,12:17:00,veh_17640_bus,23.0,no_events,7485.49070295899,0.0
2195,1-4,1-4-A-34,12:32:00,veh_17647_bus,23.0,no_events,7485.49070295899,0.0
2196,1-4,1-4-A-34,12:47:00,veh_17474_bus,22.0,no_events,7485.49070295899,0.0
2197,1-4,1-4-A-34,13:17:00,veh_17475_bus,22.0,no_events,7485.49070295899,0.0
2198,1-4,1-4-A-34,13:47:00,veh_17476_bus,22.0,no_events,7485.49070295899,0.0
2199,1-4,1-4-A-34,14:18:00,veh_17641_bus,23.0,no_events,7485.49070295899,0.0
2200,1-4,1-4-A-34,14:48:00,veh_17642_bus,23.0,no_events,7485.49070295899,0.0
2201,1-4,1-4-A-34,15:18:00,veh_17927_bus,25.0,no_events,7485.49070295899,0.0
2202,1-4,1-4-A-34,15:34:00,veh_17926_bus,25.0,no_events,7485.49070295899,0.0
2203,1-4,1-4-A-34,15:50:00,veh_17937_bus,27.0,no_events,7485.49070295899,0.0
2204,1-4,1-4-A-34,16:06:00,veh_17941_bus,26.0,no_events,7485.49070295899,0.0
2205,1-4,1-4-A-34,16:21:00,veh_17940_bus,24.0,no_events,7485.49070295899,0.0
2206,1-4,1-4-A-34,16:35:00,veh_17643_bus,23.0,no_events,7485.49070295899,0.0
2207,1-4,1-4-A-34,16:50:00,veh_17648_bus,23.0,no_events,7485.49070295899,0.0
2208,1-4,1-4-A-34,17:05:00,veh_17644_bus,23.0,no_events,7485.49070295899,0.0
2209,1-4,1-4-A-34,17:22:00,veh_17649_bus,23.0,no_events,7485.49070295899,0.0
2210,1-4,1-4-A-34,17:35:00,veh_17645_bus,23.0,no_events,7485.49070295899,0.0
2211,1-4,1-4-A-34,17:51:00,veh_17668_bus,21.0,no_events,7485.49070295899,0.0
2212,1-4,1-4-A-34,17:52:00,veh_17676_bus,19.0,no_events,7485.49070295899,0.0
2213,1-4,1-4-A-34,18:46:00,veh_17677_bus,19.0,no_events,7485.49070295899,0.0
2214,1-4,1-4-A-34,19:45:00,veh_17678_bus,19.0,no_events,7485.49070295899,0.0
2215,1-4,1-4-A-34,21:50:00,veh_17679_bus,19.0,no_events,7485.49070295899,0.0
2216,1-4,1-4-A-34,22:50:00,veh_17680_bus,19.0,no_events,7485.49070295899,0.0
2217,1-4,1-4-A-34,23:50:00,veh_17681_bus,19.0,no_events,7485.49070295899,0.0
2218,1-4,1-4-R-32,06:58:00,veh_17667_bus,26.0,24.983333333333334,8688.23922720416,10.604515996737524
2219,1-4,1-4-R-32,07:13:00,veh_17663_bus,26.0,24.75,8688.23922720416,10.00819654364412
2220,1-4,1-4-R-32,07:28:00,veh_17666_bus,26.0,25.083333333333332,8688.23922720416,11.030759461017881
2221,1-4,1-4-R-32,07:43:00,veh_17922_bus,27.0,25.95,8688.23922720416,10.198389416840023
2222,1-4,1-4-R-32,07:58:00,veh_17923_bus,27.0,25.75,8688.23922720416,9.330443540479129
2223,1-4,1-4-R-32,08:13:00,veh_17664_bus,26.0,25.733333333333334,8688.23922720416,10.012632255329677
2224,1-4,1-4-R-32,08:29:00,veh_17609_bus,25.0,23.733333333333334,8688.23922720416,9.604422024333264
2225,1-4,1-4-R-32,08:44:00,veh_17602_bus,25.0,33.5,8688.23922720416,8.975230155746145
2226,1-4,1-4-R-32,09:14:00,veh_17610_bus,24.0,28.633333333333333,8688.23922720416,9.44949824940792
2227,1-4,1-4-R-32,09:44:00,veh_17611_bus,24.0,473.81666666666666,8688.23922720416,8.586115353271966
2228,1-4,1-4-R-32,10:14:00,veh_17612_bus,24.0,1171.9833333333333,8688.23922720416,8.066132638366007
2229,1-4,1-4-R-32,10:44:00,veh_17613_bus,24.0,1146.6666666666667,8688.23922720416,7.931054278662815
2230,1-4,1-4-R-32,11:14:00,veh_17603_bus,25.0,865.8166666666667,8688.23922720416,9.26583820954071
2231,1-4,1-4-R-32,11:44:00,veh_17604_bus,25.0,837.35,8688.23922720416,9.231121569046081
2232,1-4,1-4-R-32,11:59:00,veh_17608_bus,25.0,1071.65,8688.23922720416,9.26242505126873
2233,1-4,1-4-R-32,12:14:00,veh_17605_bus,25.0,1056.3,8688.23922720416,9.236406758204584
2234,1-4,1-4-R-32,12:44:00,veh_17606_bus,25.0,19.966666666666665,8688.23922720416,9.154087487928228
2235,1-4,1-4-R-32,13:14:00,veh_17607_bus,25.0,365.9166666666667,8688.23922720416,8.012842668173366
2236,1-4,1-4-R-32,13:44:00,veh_17920_bus,26.0,12.5,8688.23922720416,8.1899197366605
2237,1-4,1-4-R-32,14:14:00,veh_17921_bus,26.0,12.5,8688.23922720416,8.1899197366605
2238,1-4,1-4-R-32,14:43:00,veh_17710_bus,27.0,8.166666666666666,8688.23922720416,4.3642655055272925
2239,1-4,1-4-R-32,14:58:00,veh_17931_bus,28.0,246.7,8688.23922720416,4.55262699224575
2240,1-4,1-4-R-32,15:12:00,veh_17934_bus,30.0,246.4,8688.23922720416,4.552352063483495
2241,1-4,1-4-R-32,15:27:00,veh_17943_bus,31.0,7.133333333333334,8688.23922720416,4.914103733887244
2242,1-4,1-4-R-32,15:41:00,veh_17919_bus,32.0,446.4,8688.23922720416,4.491731866269171
2243,1-4,1-4-R-32,15:56:00,veh_17709_bus,31.0,1.3166666666666667,8688.23922720416,1.8394899974443086
2244,1-4,1-4-R-32,16:11:00,veh_17708_bus,31.0,2.316666666666667,8688.23922720416,1.3052766398051197
2245,1-4,1-4-R-32,16:27:00,veh_17935_bus,30.0,1.1833333333333333,8688.23922720416,1.9536410106373256
2246,1-4,1-4-R-32,16:45:00,veh_17930_bus,29.0,4.366666666666666,8688.23922720416,0.5459223377222254
2247,1-4,1-4-R-32,16:59:00,veh_17917_bus,28.0,0.85,8688.23922720416,1.207013953783036
2248,1-4,1-4-R-32,17:15:00,veh_17916_bus,28.0,0.75,8688.23922720416,1.1944699918528832
2249,1-4,1-4-R-32,18:16:00,veh_17665_bus,26.0,242.05,8688.23922720416,0.667834058815828
2250,1-4,1-4-R-32,19:18:00,veh_17614_bus,24.0,12.216666666666667,8688.23922720416,0.6673608500352903
2251,1-4,1-4-R-32,20:19:00,veh_17615_bus,24.0,12.216666666666667,8688.23922720416,0.6673608500352903
2252,1-4,1-4-R-32,21:20:00,veh_17936_bus,23.0,12.083333333333334,8688.23922720416,0.6673608597970793
2253,1-4,1-4-R-32,22:21:00,veh_17717_bus,22.0,12.266666666666667,8688.23922720416,0.6673608464607407
2254,1-4,1-4-R-32,23:21:00,veh_17718_bus,22.0,no_events,8688.23922720416,0.0
2255,1-3A,1-3A-A-52,07:56:00,veh_17176_bus,42.0,28.233333333333334,13910.279333046647,8.740539510107753
2256,1-3A,1-3A-R-53,15:55:00,veh_17175_bus,40.0,719.85,13491.398702789516,4.045825283831052
2257,1-9,1-9-A-30,06:26:00,veh_50738_bus,30.0,28.816666666666666,16823.26645594309,19.907072246771197
2258,1-9,1-9-A-30,06:54:00,veh_50731_bus,30.0,30.433333333333334,16823.26645594309,19.56189707608692
2259,1-9,1-9-A-30,06:56:00,veh_50748_bus,30.0,31.5,16823.26645594309,19.931707799069194
2260,1-9,1-9-A-30,07:26:00,veh_50743_bus,30.0,20.25,16823.26645594309,6.460376365495675
2261,1-57,1-57-A-14,06:00:00,veh_22893_bus,21.0,19.966666666666665,10346.630553280345,16.804218015608456
2262,1-57,1-57-A-14,06:30:00,veh_22894_bus,21.0,20.016666666666666,10346.630553280345,16.643771561828235
2263,1-57,1-57-A-14,07:00:00,veh_22875_bus,22.0,26.016666666666666,10346.630553280345,16.232682034429516
2264,1-57,1-57-A-14,07:30:00,veh_22901_bus,24.0,27.916666666666668,10346.630553280345,16.473791676421474
2265,1-57,1-57-A-14,08:00:00,veh_22896_bus,23.0,28.45,10346.630553280345,16.40776859415916
2266,1-57,1-57-A-14,08:31:00,veh_22897_bus,23.0,22.766666666666666,10346.630553280345,16.687494889859074
2267,1-57,1-57-A-14,08:51:00,veh_22898_bus,23.0,25.216666666666665,10346.630553280345,16.209712595657386
2268,1-57,1-57-A-14,09:32:00,veh_22876_bus,22.0,21.0,10346.630553280345,16.56609661779012
2269,1-57,1-57-A-14,10:30:00,veh_22877_bus,22.0,25.3,10346.630553280345,16.51402028355215
2270,1-57,1-57-A-14,11:32:00,veh_22878_bus,22.0,27.05,10346.630553280345,16.52173325641726
2271,1-57,1-57-A-14,12:32:00,veh_22879_bus,22.0,25.516666666666666,10346.630553280345,16.308694168026452
2272,1-57,1-57-A-14,13:32:00,veh_22880_bus,22.0,159.01666666666668,10346.630553280345,15.985260031419966
2273,1-57,1-57-A-14,14:30:00,veh_22881_bus,22.0,125.28333333333333,10346.630553280345,17.015328819529593
2274,1-57,1-57-A-14,15:30:00,veh_22899_bus,23.0,96.33333333333333,10346.630553280345,16.680448801065342
2275,1-57,1-57-A-14,18:01:00,veh_22882_bus,22.0,657.4833333333333,10346.630553280345,16.34518913843759
2276,1-57,1-57-A-14,19:00:00,veh_22895_bus,21.0,336.76666666666665,10346.630553280345,12.18536851574985
2277,1-57,1-57-A-14,19:59:00,veh_22371_bus,20.0,284.0,10346.630553280345,11.888939880048557
2278,1-57,1-57-A-14,20:59:00,veh_22372_bus,20.0,227.25,10346.630553280345,14.942355810120551
2279,1-57,1-57-A-14,21:59:00,veh_22373_bus,20.0,170.81666666666666,10346.630553280345,1.620227999608233
2280,1-57,1-57-A-14,22:59:00,veh_22374_bus,20.0,114.55,10346.630553280345,1.620390643517353
2281,1-57,1-57-R-2,07:59:00,veh_22725_bus,25.0,24.65,9791.194981405893,7.079986794628451
2282,1-57,1-57-R-2,09:00:00,veh_22726_bus,25.0,157.46666666666667,9791.194981405893,6.390441302759873
2283,1-57,1-57-R-2,09:59:00,veh_22693_bus,24.0,74.16666666666667,9791.194981405893,6.423031137583718
2284,1-57,1-57-R-2,10:59:00,veh_22694_bus,24.0,62.9,9791.194981405893,6.652845955464287
2285,1-57,1-57-R-2,11:59:00,veh_22900_bus,25.0,30.883333333333333,9791.194981405893,6.560868328035703
2286,1-57,1-57-R-2,12:59:00,veh_22695_bus,24.0,197.8,9791.194981405893,7.1514161780554275
2287,1-57,1-57-R-2,14:00:00,veh_22696_bus,24.0,0.9,9791.194981405893,0.9335304007200732
2288,1-57,1-57-R-2,14:59:00,veh_22697_bus,24.0,69.98333333333333,9791.194981405893,0.45401926839243856
2289,1-57,1-57-R-2,15:57:00,veh_22902_bus,26.0,16.233333333333334,9791.194981405893,0.09236421488897648
2290,1-57,1-57-R-2,16:35:00,veh_22728_bus,27.0,0.2,9791.194981405893,0.516850274810082
2291,1-57,1-57-R-2,17:05:00,veh_22727_bus,25.0,0.2,9791.194981405893,0.516850274810082
2292,1-57,1-57-R-2,17:30:00,veh_22375_bus,24.0,no_events,9791.194981405893,0.0
2293,1-57,1-57-R-2,18:00:00,veh_22376_bus,24.0,no_events,9791.194981405893,0.0
2294,1-58,1-58-A-27,16:21:00,veh_23726_bus,26.0,11.85,9716.173431491281,3.6266802100524167
2295,1-58,1-58-A-27,19:20:00,veh_23729_bus,21.0,11.416666666666666,9716.173431491281,3.5430833399930655
2296,1-58,1-58-A-27,20:19:00,veh_23760_bus,20.0,12.216666666666667,9716.173431491281,3.5897233908346022
2297,1-58,1-58-A-27,21:19:00,veh_23759_bus,20.0,11.066666666666666,9716.173431491281,3.466734105499696
2298,1-58,1-58-A-27,22:19:00,veh_23758_bus,20.0,10.883333333333333,9716.173431491281,3.401349390642394
2299,1-58,1-58-A-27,23:18:00,veh_23761_bus,20.0,10.883333333333333,9716.173431491281,3.401349390642394
2300,1-58,1-58-R-3,07:05:00,veh_23772_bus,23.0,22.45,9911.281127100037,7.007918663201681
2301,1-58,1-58-R-3,08:05:00,veh_23773_bus,23.0,23.8,9911.281127100037,6.2816317860608475
2302,1-58,1-58-R-3,08:35:00,veh_23747_bus,24.0,23.066666666666666,9911.281127100037,7.704372981221321
2303,1-58,1-58-R-3,09:02:00,veh_23752_bus,24.0,21.066666666666666,9911.281127100037,6.531361197389775
2304,1-58,1-58-R-3,09:50:00,veh_23751_bus,24.0,26.0,9911.281127100037,7.04528717287265
2305,1-58,1-58-R-3,10:50:00,veh_23753_bus,24.0,20.433333333333334,9911.281127100037,6.648821524563281
2306,1-58,1-58-R-3,11:50:00,veh_23748_bus,24.0,211.91666666666666,9911.281127100037,6.967393103739198
2307,1-58,1-58-R-3,12:50:00,veh_23749_bus,24.0,672.3166666666667,9911.281127100037,1.4604421031153272
2308,1-58,1-58-R-3,13:50:00,veh_23754_bus,24.0,610.0166666666667,9911.281127100037,0.5714114685155863
2309,1-58,1-58-R-3,14:50:00,veh_23750_bus,24.0,78.41666666666667,9911.281127100037,0.39430053653411795
2310,1-58,1-58-R-3,15:19:00,veh_23756_bus,25.0,54.18333333333333,9911.281127100037,0.05184607819843562
2311,1-58,1-58-R-3,15:44:00,veh_23757_bus,25.0,28.816666666666666,9911.281127100037,0.018933732890972988
2312,1-58,1-58-R-3,16:17:00,veh_23768_bus,30.0,no_events,9911.281127100037,0.0
2313,1-58,1-58-R-3,16:52:00,veh_23755_bus,27.0,no_events,9911.281127100037,0.0
2314,1-58,1-58-R-3,17:19:00,veh_23774_bus,26.0,no_events,9911.281127100037,0.0
2315,1-58,1-58-R-3,19:50:00,veh_23732_bus,23.0,no_events,9911.281127100037,0.0
2316,1-58,1-58-R-3,20:50:00,veh_23730_bus,23.0,no_events,9911.281127100037,0.0
2317,1-58,1-58-R-3,21:50:00,veh_23731_bus,23.0,no_events,9911.281127100037,0.0
2318,1-58,1-58-R-3,22:50:00,veh_23727_bus,22.0,no_events,9911.281127100037,0.0
2319,1-58,1-58-R-3,23:49:00,veh_23728_bus,22.0,no_events,9911.281127100037,0.0
2320,1-86G,1-86G-A-81,08:22:00,veh_50445_bus,17.0,15.666666666666666,8071.0334311439165,17.052779006080872
2321,1-86G,1-86G-R-82,16:10:00,veh_50446_bus,20.0,17.95,7897.761678517951,7.900503993974223
2322,1-56,1-56-A-2,06:25:00,veh_22308_bus,28.0,28.933333333333334,10636.48248916852,7.294500558844335
2323,1-56,1-56-A-2,06:54:00,veh_22306_bus,29.0,27.833333333333332,10636.48248916852,7.478658441652883
2324,1-56,1-56-A-2,07:28:00,veh_22307_bus,29.0,28.516666666666666,10636.48248916852,7.32390048136358
2325,1-56,1-56-R-37,15:58:00,veh_22293_bus,29.0,496.3666666666667,11197.299475255215,17.5403946054787
2326,1-56,1-56-R-37,16:30:00,veh_22294_bus,27.0,479.4166666666667,11197.299475255215,17.544359779906404
2327,1-56,1-56-R-37,17:01:00,veh_22305_bus,26.0,595.8833333333333,11197.299475255215,16.947646732703742
2328,1-54,1-54-R-82,06:25:00,veh_21173_bus,28.0,27.8,13141.998092750766,11.377741172573728
2329,1-54,1-54-R-82,06:55:00,veh_21163_bus,29.0,28.983333333333334,13141.998092750766,10.91811556235433
2330,1-54,1-54-R-82,07:25:00,veh_21240_bus,30.0,68.28333333333333,13141.998092750766,9.713295700530407
2331,1-54,1-54-R-82,07:55:00,veh_21164_bus,29.0,49.266666666666666,13141.998092750766,9.912704552312094
2332,1-54,1-54-R-82,08:25:00,veh_21162_bus,29.0,28.783333333333335,13141.998092750766,10.060701672933414
2333,1-54,1-54-R-82,08:55:00,veh_21165_bus,29.0,999.55,13141.998092750766,4.54923999647087
2334,1-54,1-54-R-82,09:25:00,veh_21171_bus,28.0,27.316666666666666,13141.998092750766,9.704868679761685
2335,1-54,1-54-R-82,09:55:00,veh_21174_bus,28.0,23.7,13141.998092750766,9.27799998520559
2336,1-54,1-54-R-82,10:25:00,veh_21172_bus,28.0,27.483333333333334,13141.998092750766,9.721758194992326
2337,1-54,1-54-R-82,10:55:00,veh_21175_bus,28.0,677.8,13141.998092750766,10.437124087183646
2338,1-54,1-54-R-82,11:25:00,veh_21184_bus,29.0,2.1,13141.998092750766,1.8655653112814208
2339,1-54,1-54-R-82,11:55:00,veh_21185_bus,29.0,1.55,13141.998092750766,1.508281484021176
2340,1-54,1-54-R-82,12:25:00,veh_21187_bus,29.0,214.8,13141.998092750766,0.9365350316319635
2341,1-54,1-54-R-82,12:55:00,veh_21188_bus,29.0,664.4666666666667,13141.998092750766,0.8265557958942464
2342,1-54,1-54-R-82,13:25:00,veh_21186_bus,29.0,162.75,13141.998092750766,0.5698661471792064
2343,1-54,1-54-R-82,13:55:00,veh_21189_bus,29.0,605.1666666666666,13141.998092750766,0.5705089942728053
2344,1-54,1-54-R-82,14:25:00,veh_21281_bus,30.0,0.48333333333333334,13141.998092750766,0.6166517479116718
2345,1-54,1-54-R-82,14:56:00,veh_21134_bus,31.0,72.56666666666666,13141.998092750766,0.3942023243916216
2346,1-54,1-54-R-82,15:20:00,veh_21289_bus,32.0,293.65,13141.998092750766,0.051790392785723664
2347,1-54,1-54-R-82,15:37:00,veh_21170_bus,33.0,34.28333333333333,13141.998092750766,0.01893312081258333
2348,1-54,1-54-R-82,16:10:00,veh_21297_bus,35.0,no_events,13141.998092750766,0.0
2349,1-54,1-54-R-82,16:40:00,veh_21296_bus,35.0,no_events,13141.998092750766,0.0
2350,1-54,1-54-R-82,17:14:00,veh_21193_bus,29.0,no_events,13141.998092750766,0.0
2351,1-54,1-54-R-82,17:40:00,veh_21288_bus,28.0,no_events,13141.998092750766,0.0
2352,1-54,1-54-R-82,17:55:00,veh_21190_bus,27.0,no_events,13141.998092750766,0.0
2353,1-54,1-54-R-82,18:25:00,veh_21191_bus,27.0,no_events,13141.998092750766,0.0
2354,1-54,1-54-R-82,19:00:00,veh_21192_bus,27.0,no_events,13141.998092750766,0.0
2355,1-54,1-54-R-82,20:05:00,veh_21166_bus,26.0,no_events,13141.998092750766,0.0
2356,1-54,1-54-R-82,21:09:00,veh_21167_bus,26.0,no_events,13141.998092750766,0.0
2357,1-54,1-54-R-82,22:12:00,veh_21102_bus,25.0,no_events,13141.998092750766,0.0
2358,1-54,1-54-R-82,23:14:00,veh_21103_bus,25.0,no_events,13141.998092750766,0.0
2359,1-54,1-54-R-82,24:15:00,veh_21104_bus,25.0,no_events,13141.998092750766,0.0
2360,1-54,1-54-R-82,25:00:00,veh_21105_bus,25.0,no_events,13141.998092750766,0.0
2361,1-52,1-52-R-519,06:28:00,veh_19325_bus,16.0,16.233333333333334,7148.534422359918,5.942849476057331
2362,1-52,1-52-R-519,06:58:00,veh_19363_bus,18.0,19.933333333333334,7148.534422359918,5.272828562488196
2363,1-52,1-52-R-519,07:29:00,veh_19356_bus,22.0,24.166666666666668,7148.534422359918,5.957135959952988
2364,1-52,1-52-R-519,08:01:00,veh_19358_bus,19.0,20.583333333333332,7148.534422359918,6.006818723525098
2365,1-52,1-52-R-519,08:30:00,veh_19359_bus,19.0,21.266666666666666,7148.534422359918,5.62782792804606
2366,1-52,1-52-R-519,14:58:00,veh_19353_bus,19.0,1.7166666666666666,7148.534422359918,1.1758268395462235
2367,1-52,1-52-R-519,15:30:00,veh_19354_bus,22.0,3.3,7148.534422359918,1.2311781106655766
2368,1-52,1-52-R-519,15:56:00,veh_19355_bus,22.0,2.5,7148.534422359918,1.2276021257046117
2369,1-52,1-52-R-519,16:33:00,veh_19360_bus,21.0,2.933333333333333,7148.534422359918,1.1389690522038245
2370,1-52,1-52-R-519,17:05:00,veh_19352_bus,19.0,1.7833333333333334,7148.534422359918,1.1905450316053214
2371,1-52,1-52-R-519,20:27:00,veh_19326_bus,16.0,1.4,7148.534422359918,0.843974828926297
2372,1-52,1-52-R-519,21:27:00,veh_19327_bus,16.0,1.4,7148.534422359918,0.843974828926297
2373,1-52,1-52-R-519,22:27:00,veh_19328_bus,16.0,1.4,7148.534422359918,0.843974828926297
2374,1-52,1-52-R-519,23:27:00,veh_19329_bus,16.0,1.4,7148.534422359918,0.843974828926297
2375,1-61,1-61-A-332,16:36:00,veh_25165_bus,34.0,242.66666666666666,11296.315421660767,20.682189314808696
2376,1-61,1-61-A-332,17:11:00,veh_25439_bus,33.0,2.15,11296.315421660767,5.509411173401832
2377,1-15B,1-15B-A-9,08:35:00,veh_4873_bus,22.0,21.683333333333334,10082.453320602679,9.029863192894636
2378,1-15B,1-15B-R-11,16:20:00,veh_4874_bus,27.0,24.383333333333333,10126.918327298165,9.11667567431523
2379,1-15A,1-15A-A-8,08:33:00,veh_4872_bus,23.0,22.65,12026.597968253218,19.32333342951893
2380,1-15A,1-15A-R-11,16:20:00,veh_4871_bus,27.0,25.3,11971.458621875605,9.492561087981993
2381,1-281,1-281-A-270,06:55:00,veh_11830_bus,48.0,85.96666666666667,20532.821895015182,40.36165533523268
2382,1-281,1-281-A-270,07:20:00,veh_11814_bus,55.0,123.95,20532.821895015182,40.704517019601695
2383,1-281,1-281-A-270,07:31:00,veh_11831_bus,54.0,165.83333333333334,20532.821895015182,39.358353913557764
2384,1-281,1-281-A-270,07:54:00,veh_11827_bus,51.0,153.26666666666668,20532.821895015182,39.31416400811403
2385,1-281,1-281-R-16,15:36:00,veh_11826_bus,53.0,18.4,19953.58068063336,3.9326222610017676
2386,1-281,1-281-R-16,16:05:00,veh_11829_bus,59.0,66.41666666666667,19953.58068063336,2.9079260242658345
2387,1-281,1-281-R-16,16:37:00,veh_11813_bus,56.0,352.3666666666667,19953.58068063336,2.5152329896888994
2388,1-281,1-281-R-16,17:10:00,veh_11828_bus,51.0,346.53333333333336,19953.58068063336,2.527885754137885
2389,1-281,1-281-R-16,17:38:00,veh_11815_bus,46.0,324.0,19953.58068063336,1.8652841447303243
2390,1-280,1-280-A-227,06:27:00,veh_11716_bus,48.0,60.53333333333333,21443.824501224557,22.69288776588716
2391,1-280,1-280-A-227,06:53:00,veh_11718_bus,52.0,171.58333333333334,21443.824501224557,21.80666144352153
2392,1-280,1-280-A-227,07:13:00,veh_11710_bus,54.0,306.4166666666667,21443.824501224557,9.328174224325634
2393,1-280,1-280-A-227,07:26:00,veh_11712_bus,54.0,294.3333333333333,21443.824501224557,8.44774284394087
2394,1-280,1-280-A-227,07:42:00,veh_11711_bus,54.0,79.26666666666667,21443.824501224557,7.33820852642935
2395,1-280,1-280-A-227,07:53:00,veh_11721_bus,53.0,299.1666666666667,21443.824501224557,7.472324265826143
2396,1-280,1-280-R-21,15:18:00,veh_11720_bus,55.0,729.05,21333.550511079105,4.770688965699211
2397,1-280,1-280-R-21,15:39:00,veh_11715_bus,61.0,505.76666666666665,21333.550511079105,4.154004191907012
2398,1-280,1-280-R-21,15:51:00,veh_11714_bus,61.0,54.05,21333.550511079105,3.3911502032997225
2399,1-280,1-280-R-21,16:08:00,veh_11717_bus,64.0,133.63333333333333,21333.550511079105,3.141977984577973
2400,1-280,1-280-R-21,16:47:00,veh_11719_bus,58.0,356.46666666666664,21333.550511079105,2.723866660602518
2401,1-280,1-280-R-21,17:26:00,veh_11713_bus,48.0,326.3333333333333,21333.550511079105,2.375682271954072
2402,1-64,1-64-A-2,16:46:00,veh_25723_bus,40.0,473.1333333333333,14621.83475695749,20.4506103988323
2403,1-64,1-64-A-2,16:49:00,veh_25718_bus,40.0,2.4166666666666665,14621.83475695749,26.87156895696275
2404,1-65,1-65-R-27,17:15:00,veh_25855_bus,40.0,345.9,12737.033496438651,3.116464516792825
2405,1-65,1-65-R-27,17:17:00,veh_25850_bus,40.0,344.8666666666667,12737.033496438651,2.801424268038377
2406,1-289,1-289-A-183,06:40:00,veh_12228_bus,38.0,49.416666666666664,22320.11464323846,43.79182039442221
2407,1-289,1-289-A-183,07:00:00,veh_12217_bus,48.0,95.95,22320.11464323846,41.737198854173386
2408,1-289,1-289-A-183,07:15:00,veh_12231_bus,51.0,135.1,22320.11464323846,40.677173213271715
2409,1-289,1-289-A-183,07:27:00,veh_12232_bus,51.0,166.7,22320.11464323846,41.07787762288366
2410,1-289,1-289-A-183,08:03:00,veh_12216_bus,44.0,147.95,22320.11464323846,41.43295244269794
2411,1-289,1-289-R-22,15:34:00,veh_12229_bus,45.0,614.4333333333333,22855.368310648657,7.954111933839241
2412,1-289,1-289-R-22,15:53:00,veh_12233_bus,50.0,52.166666666666664,22855.368310648657,2.984280835372316
2413,1-289,1-289-R-22,16:10:00,veh_12160_bus,54.0,78.6,22855.368310648657,2.7248958281601157
2414,1-289,1-289-R-22,16:50:00,veh_12234_bus,50.0,354.76666666666665,22855.368310648657,2.531182738161744
2415,1-289,1-289-R-22,17:41:00,veh_12230_bus,43.0,395.0,22855.368310648657,1.8652841383548566
2416,1-284,1-284-A-212,06:24:00,veh_12020_bus,56.0,67.75,24488.448052314507,26.07847138394288
2417,1-284,1-284-A-212,06:50:00,veh_12126_bus,61.0,96.78333333333333,24488.448052314507,25.98779725941585
2418,1-284,1-284-A-212,07:08:00,veh_12129_bus,66.0,122.31666666666666,24488.448052314507,24.226042900922618
2419,1-284,1-284-A-212,07:27:00,veh_12125_bus,65.0,170.46666666666667,24488.448052314507,24.102436482924425
2420,1-284,1-284-A-212,07:48:00,veh_12081_bus,59.0,332.3333333333333,24488.448052314507,24.36953369629203
2421,1-284,1-284-R-28,15:34:00,veh_12128_bus,62.0,21.266666666666666,25298.629795235487,3.338857703734787
2422,1-284,1-284-R-28,16:04:00,veh_12104_bus,68.0,66.71666666666667,25298.629795235487,2.9289496774783657
2423,1-284,1-284-R-28,16:36:00,veh_12092_bus,65.0,351.8666666666667,25298.629795235487,2.511371867821514
2424,1-284,1-284-R-28,17:08:00,veh_12127_bus,59.0,345.75,25298.629795235487,2.5326449314610904
2425,1-284,1-284-R-28,17:36:00,veh_12103_bus,53.0,322.5,25298.629795235487,1.8652841324794802
2426,1-283,1-283-A-7,06:35:00,veh_12018_bus,52.0,62.28333333333333,23573.27846128435,25.061556716609065
2427,1-283,1-283-A-7,06:55:00,veh_12017_bus,59.0,1254.4833333333333,23573.27846128435,18.055637838505643
2428,1-283,1-283-A-7,07:21:00,veh_12015_bus,63.0,23.716666666666665,23573.27846128435,16.69314749469018
2429,1-283,1-283-R-6,15:41:00,veh_12019_bus,61.0,10.05,24020.021564906634,2.2203720103768183
2430,1-283,1-283-R-6,16:12:00,veh_11943_bus,66.0,9.1,24020.021564906634,2.3060741191729517
2431,1-283,1-283-R-6,16:51:00,veh_11994_bus,56.0,7.533333333333333,24020.021564906634,2.1978109733949625
2432,1-283,1-283-R-6,17:42:00,veh_12016_bus,47.0,431.6666666666667,24020.021564906634,2.595691232408749
2433,1-59,1-59-A-7,06:33:00,veh_24045_bus,26.0,23.166666666666668,12846.82635449016,13.00108090540896
2434,1-59,1-59-A-7,07:26:00,veh_24562_bus,33.0,31.7,12846.82635449016,13.69852404404485
2435,1-59,1-59-A-7,08:30:00,veh_24356_bus,29.0,146.75,12846.82635449016,13.043348695962287
2436,1-59,1-59-A-7,09:33:00,veh_24052_bus,26.0,93.3,12846.82635449016,13.264140450861643
2437,1-59,1-59-A-7,11:33:00,veh_24053_bus,26.0,26.433333333333334,12846.82635449016,13.883933588389572
2438,1-59,1-59-A-7,12:33:00,veh_24054_bus,26.0,25.7,12846.82635449016,14.246174312431544
2439,1-59,1-59-A-7,14:32:00,veh_24567_bus,27.0,76.58333333333333,12846.82635449016,14.361490810450118
2440,1-59,1-59-A-7,15:30:00,veh_24357_bus,29.0,27.4,12846.82635449016,13.12018275943379
2441,1-59,1-59-A-7,16:26:00,veh_24564_bus,33.0,495.6666666666667,12846.82635449016,14.144832266045757
2442,1-59,1-59-A-7,17:32:00,veh_24566_bus,27.0,25.5,12846.82635449016,13.795634415980002
2443,1-59,1-59-A-7,17:33:00,veh_24059_bus,26.0,23.383333333333333,12846.82635449016,13.417518433179353
2444,1-59,1-59-A-7,18:34:00,veh_24046_bus,26.0,96.8,12846.82635449016,13.296464676851672
2445,1-59,1-59-A-7,19:35:00,veh_24563_bus,25.0,518.55,12846.82635449016,13.459411887874795
2446,1-59,1-59-A-7,20:37:00,veh_24565_bus,24.0,461.76666666666665,12846.82635449016,12.04508858534524
2447,1-59,1-59-A-7,21:38:00,veh_24557_bus,23.0,395.05,12846.82635449016,11.889633561220393
2448,1-59,1-59-A-7,22:39:00,veh_24560_bus,22.0,337.28333333333336,12846.82635449016,13.010747904610692
2449,1-59,1-59-R-30,07:04:00,veh_24358_bus,26.0,29.0,13432.38558651822,10.836181240209603
2450,1-59,1-59-R-30,08:04:00,veh_24558_bus,27.0,29.6,13432.38558651822,10.95096461782014
2451,1-59,1-59-R-30,12:04:00,veh_24359_bus,26.0,25.05,13432.38558651822,11.390445556338356
2452,1-59,1-59-R-30,13:04:00,veh_24360_bus,26.0,24.7,13432.38558651822,10.68729680846685
2453,1-59,1-59-R-30,14:04:00,veh_24559_bus,27.0,no_events,13432.38558651822,0.0
2454,1-59,1-59-R-30,16:04:00,veh_24561_bus,37.0,no_events,13432.38558651822,0.0
2455,1-59,1-59-R-30,17:04:00,veh_24568_bus,30.0,no_events,13432.38558651822,0.0
2456,1-59,1-59-R-30,18:04:00,veh_24361_bus,27.0,no_events,13432.38558651822,0.0
2457,1-282,1-282-A-178,06:00:00,veh_11924_bus,45.0,46.5,28935.22055263029,44.38172442030987
2458,1-282,1-282-A-178,06:26:00,veh_11939_bus,48.0,57.8,28935.22055263029,43.76682301106378
2459,1-282,1-282-A-178,06:53:00,veh_11937_bus,58.0,101.08333333333333,28935.22055263029,42.46779493315376
2460,1-282,1-282-A-178,07:12:00,veh_11941_bus,64.0,140.03333333333333,28935.22055263029,37.15298040014513
2461,1-282,1-282-A-178,08:00:00,veh_11925_bus,52.0,149.13333333333333,28935.22055263029,37.546011930190105
2462,1-282,1-282-R-28,15:11:00,veh_11942_bus,47.0,637.9666666666667,29473.04872090789,9.525117474967727
2463,1-282,1-282-R-28,15:41:00,veh_11938_bus,58.0,39.63333333333333,29473.04872090789,3.781637920493283
2464,1-282,1-282-R-28,16:11:00,veh_11908_bus,66.0,81.93333333333334,29473.04872090789,3.1815112739846256
2465,1-282,1-282-R-28,16:45:00,veh_11936_bus,61.0,355.7,29473.04872090789,2.527205253775844
2466,1-282,1-282-R-28,17:24:00,veh_11892_bus,51.0,410.28333333333336,29473.04872090789,2.53151130220706
2467,1-282,1-282-R-28,17:42:00,veh_11940_bus,49.0,280.15,29473.04872090789,1.686634570215018
2468,1-72,1-72-A-9,15:22:00,veh_27319_bus,34.0,381.9,12819.342148933423,6.9469798035873405
2469,1-70,1-70-A-195,05:57:00,veh_26463_bus,60.0,63.1,27445.39173671765,27.85155784258042
2470,1-70,1-70-A-195,06:50:00,veh_26478_bus,70.0,107.06666666666666,27445.39173671765,26.54538081960868
2471,1-70,1-70-A-195,07:46:00,veh_26494_bus,71.0,153.13333333333333,27445.39173671765,26.71436434093271
2472,1-70,1-70-A-195,08:53:00,veh_26464_bus,65.0,921.9333333333333,27445.39173671765,23.764162921817434
2473,1-70,1-70-A-195,09:54:00,veh_26473_bus,63.0,619.6833333333333,27445.39173671765,22.459197807464694
2474,1-70,1-70-A-195,10:53:00,veh_26493_bus,64.0,1041.0833333333333,27445.39173671765,21.411749822180912
2475,1-70,1-70-A-195,11:54:00,veh_26465_bus,64.0,980.6333333333333,27445.39173671765,21.200861589736967
2476,1-70,1-70-A-195,12:54:00,veh_26466_bus,64.0,920.2666666666667,27445.39173671765,20.313043480363
2477,1-70,1-70-A-195,13:55:00,veh_26355_bus,63.0,858.25,27445.39173671765,18.810442125880382
2478,1-70,1-70-A-195,14:51:00,veh_26468_bus,70.0,175.2,27445.39173671765,16.05734265928586
2479,1-70,1-70-A-195,15:49:00,veh_26479_bus,72.0,593.6833333333333,27445.39173671765,13.44288171941882
2480,1-70,1-70-A-195,16:48:00,veh_26356_bus,71.0,286.2,27445.39173671765,13.233520742989866
2481,1-70,1-70-A-195,17:54:00,veh_26467_bus,62.0,30.316666666666666,27445.39173671765,13.615967359612297
2482,1-70,1-70-A-195,18:56:00,veh_26357_bus,58.0,29.316666666666666,27445.39173671765,13.976654858992864
2483,1-70,1-70-A-195,19:56:00,veh_26358_bus,58.0,351.03333333333336,27445.39173671765,13.7593346720486
2484,1-70,1-70-A-195,20:56:00,veh_26359_bus,58.0,28.683333333333334,27445.39173671765,13.596880610920756
2485,1-292,1-292-A-34,06:27:00,veh_12531_bus,60.0,87.71666666666667,33183.78914428943,36.75335360475175
2486,1-292,1-292-A-34,06:51:00,veh_12529_bus,66.0,448.26666666666665,33183.78914428943,36.93087444947503
2487,1-292,1-292-A-34,07:12:00,veh_12516_bus,74.0,1246.8333333333333,33183.78914428943,31.04461280853781
2488,1-292,1-292-R-35,15:30:00,veh_12528_bus,71.0,9.566666666666666,33148.6106148668,3.3480730427538212
2489,1-292,1-292-R-35,16:02:00,veh_12530_bus,74.0,13.416666666666666,33148.6106148668,3.9180807562941014
2490,1-292,1-292-R-35,16:40:00,veh_12532_bus,72.0,15.2,33148.6106148668,3.2210701389129075
2491,1-292,1-292-R-35,17:07:00,veh_12527_bus,68.0,463.0,33148.6106148668,3.0289664277424406
2492,1-84G,1-84G-A-93,08:28:00,veh_49678_bus,11.0,1172.2333333333333,4027.3111940053523,0.584051831948706
2493,1-84G,1-84G-R-92,16:10:00,veh_49679_bus,14.0,8.266666666666667,4200.373855668594,0.08419329055079526
2494,1-290,1-290-A-10,06:38:00,veh_12437_bus,45.0,51.2,20199.608301752116,28.210718826362886
2495,1-290,1-290-A-10,07:07:00,veh_12452_bus,51.0,225.95,20199.608301752116,27.484361955832266
2496,1-290,1-290-A-10,07:40:00,veh_12439_bus,49.0,260.4,20199.608301752116,9.055203861665694
2497,1-290,1-290-A-10,08:10:00,veh_12450_bus,44.0,9.016666666666667,20199.608301752116,8.719271160919652
2498,1-290,1-290-R-9,15:33:00,veh_12454_bus,55.0,9.366666666666667,21434.532193942297,3.788696041727644
2499,1-290,1-290-R-9,16:04:00,veh_12438_bus,59.0,220.88333333333333,21434.532193942297,3.636978384534166
2500,1-290,1-290-R-9,16:38:00,veh_12451_bus,51.0,9.283333333333333,21434.532193942297,3.2893485378064224
2501,1-290,1-290-R-9,17:15:00,veh_12453_bus,45.0,6.983333333333333,21434.532193942297,2.817193350134601
2502,1-290,1-290-R-9,18:06:00,veh_12455_bus,41.0,428.76666666666665,21434.532193942297,2.6903098640544454
2503,1-77,1-77-R-396,11:52:00,veh_29692_bus,37.0,no_events,22732.550267301034,0.0
2504,1-77,1-77-R-396,12:52:00,veh_29697_bus,37.0,481.5,22732.550267301034,0.007124213113257837
2505,1-77,1-77-R-396,13:52:00,veh_29702_bus,37.0,no_events,22732.550267301034,0.0
2506,1-77,1-77-R-396,14:52:00,veh_29664_bus,41.0,no_events,22732.550267301034,0.0
2507,1-77,1-77-R-396,19:52:00,veh_29624_bus,34.0,no_events,22732.550267301034,0.0
2508,1-77,1-77-R-396,21:22:00,veh_29636_bus,34.0,no_events,22732.550267301034,0.0
2509,1-77,1-77-R-396,21:52:00,veh_29631_bus,34.0,no_events,22732.550267301034,0.0
2510,1-75,1-75-A-74,06:25:00,veh_28374_bus,65.0,83.61666666666666,25683.028252290347,29.52136479916735
2511,1-75,1-75-A-74,07:15:00,veh_28390_bus,75.0,139.06666666666666,25683.028252290347,26.732867013938762
2512,1-75,1-75-A-74,08:20:00,veh_28347_bus,67.0,946.2666666666667,25683.028252290347,25.216673564100095
2513,1-75,1-75-A-74,09:24:00,veh_28372_bus,63.0,641.4833333333333,25683.028252290347,22.778079511137086
2514,1-75,1-75-A-74,10:26:00,veh_28382_bus,61.0,1066.8,25683.028252290347,21.169401346796864
2515,1-75,1-75-A-74,11:26:00,veh_28348_bus,62.0,1007.6333333333333,25683.028252290347,21.13874276899308
2516,1-75,1-75-A-74,12:24:00,veh_28371_bus,64.0,708.75,25683.028252290347,22.272499603092577
2517,1-75,1-75-A-74,13:26:00,veh_28349_bus,62.0,406.96666666666664,25683.028252290347,20.91956755783405
2518,1-75,1-75-A-74,14:24:00,veh_28343_bus,67.0,829.4166666666666,25683.028252290347,20.752065652787593
2519,1-75,1-75-A-74,15:20:00,veh_28370_bus,71.0,818.5666666666667,25683.028252290347,15.284336510767492
2520,1-75,1-75-A-74,16:13:00,veh_28383_bus,78.0,102.31666666666666,25683.028252290347,14.614240542953553
2521,1-75,1-75-A-74,17:22:00,veh_28338_bus,65.0,501.35,25683.028252290347,13.834200849595591
2522,1-75,1-75-A-74,18:28:00,veh_28369_bus,57.0,27.783333333333335,25683.028252290347,14.188039166684005
2523,1-75,1-75-A-74,19:29:00,veh_28350_bus,55.0,371.8666666666667,25683.028252290347,13.393160150930697
2524,1-75,1-75-A-74,20:29:00,veh_28351_bus,55.0,27.9,25683.028252290347,13.66079561589838
2525,1-75,1-75-A-74,21:29:00,veh_28352_bus,55.0,26.8,25683.028252290347,13.763401027913112
2526,1-75,1-75-A-74,22:30:00,veh_28403_bus,52.0,25.733333333333334,25683.028252290347,13.712885707163862
2527,1-76,1-76-A-226,15:23:00,veh_28828_bus,42.0,865.4,13852.388576538939,9.525727780791284
2528,1-76,1-76-R-231,15:37:00,veh_28554_bus,41.0,252.0,14779.520569917617,3.4119764842234535
2529,1-76,1-76-R-231,16:45:00,veh_28559_bus,41.0,7.45,14779.520569917617,1.6331665703147784
2530,1-76,1-76-R-231,18:18:00,veh_28458_bus,34.0,0.4166666666666667,14779.520569917617,0.25918880039704856
2531,1-76,1-76-R-231,19:23:00,veh_28530_bus,32.0,0.4166666666666667,14779.520569917617,0.25918880039704856
2532,1-76,1-76-R-231,20:20:00,veh_28531_bus,32.0,334.3,14779.520569917617,0.07781598830636477
2533,1-76,1-76-R-231,21:23:00,veh_28537_bus,32.0,no_events,14779.520569917617,0.0
2534,1-74,1-74-A-381,05:42:00,veh_27704_bus,66.0,65.08333333333333,26343.35047870229,28.75928175849277
2535,1-74,1-74-A-381,06:37:00,veh_27814_bus,75.0,116.55,26343.35047870229,29.13443923232618
2536,1-74,1-74-A-381,07:33:00,veh_27877_bus,77.0,504.7,26343.35047870229,16.92868946959387
2537,1-74,1-74-A-381,08:38:00,veh_27703_bus,68.0,925.45,26343.35047870229,15.744367508703348
2538,1-74,1-74-A-381,09:40:00,veh_27815_bus,67.0,27.033333333333335,26343.35047870229,18.03128391199684
2539,1-74,1-74-A-381,10:41:00,veh_27875_bus,66.0,25.216666666666665,26343.35047870229,11.852347632388097
2540,1-74,1-74-A-381,11:41:00,veh_27620_bus,67.0,744.6833333333333,26343.35047870229,11.900790128536276
2541,1-74,1-74-A-381,12:40:00,veh_27794_bus,68.0,26.416666666666668,26343.35047870229,12.07696571320523
2542,1-74,1-74-A-381,13:41:00,veh_27621_bus,67.0,624.7833333333333,26343.35047870229,10.835946213754152
2543,1-74,1-74-A-381,14:40:00,veh_27632_bus,71.0,23.216666666666665,26343.35047870229,10.765149624696503
2544,1-74,1-74-A-381,15:38:00,veh_27879_bus,76.0,26.25,26343.35047870229,10.785457173557255
2545,1-74,1-74-A-381,16:35:00,veh_27813_bus,76.0,27.433333333333334,26343.35047870229,9.755763734329598
2546,1-74,1-74-A-381,17:39:00,veh_27874_bus,68.0,147.18333333333334,26343.35047870229,10.685849767223276
2547,1-74,1-74-A-381,18:41:00,veh_27878_bus,64.0,20.966666666666665,26343.35047870229,9.84860243699166
2548,1-74,1-74-A-381,19:43:00,veh_27633_bus,61.0,22.8,26343.35047870229,9.910030368685478
2549,1-74,1-74-A-381,20:44:00,veh_27809_bus,60.0,20.4,26343.35047870229,9.715230722486627
2550,1-74,1-74-A-381,21:44:00,veh_27808_bus,60.0,19.45,26343.35047870229,8.708108560535083
2551,1-74,1-74-A-381,23:15:00,veh_27876_bus,58.0,19.983333333333334,26343.35047870229,8.790809382323829
2552,1-74,1-74-R-94,06:49:00,veh_27525_bus,70.0,78.28333333333333,27931.77749489138,25.369375870383397
2553,1-74,1-74-R-94,08:47:00,veh_27818_bus,69.0,738.7,27931.77749489138,21.60396379663862
2554,1-74,1-74-R-94,09:50:00,veh_27462_bus,65.0,7.333333333333333,27931.77749489138,4.047887622333976
2555,1-74,1-74-R-94,10:50:00,veh_27463_bus,65.0,6.183333333333334,27931.77749489138,3.6663011806533485
2556,1-74,1-74-R-94,11:49:00,veh_27819_bus,68.0,5.233333333333333,27931.77749489138,3.2041974300848484
2557,1-74,1-74-R-94,12:49:00,veh_27820_bus,68.0,5.533333333333333,27931.77749489138,3.3072130964118496
2558,1-74,1-74-R-94,13:50:00,veh_27443_bus,67.0,124.55,27931.77749489138,2.74942099733136
2559,1-74,1-74-R-94,14:46:00,veh_27821_bus,75.0,3.7666666666666666,27931.77749489138,2.3158619009727945
2560,1-74,1-74-R-94,15:44:00,veh_27873_bus,82.0,1.5166666666666666,27931.77749489138,2.032082695252862
2561,1-74,1-74-R-94,16:41:00,veh_27454_bus,80.0,0.85,27931.77749489138,0.8918740633190181
2562,1-74,1-74-R-94,17:48:00,veh_27864_bus,68.0,0.55,27931.77749489138,0.8843393530307667
2563,1-74,1-74-R-94,18:51:00,veh_27526_bus,64.0,0.1,27931.77749489138,0.6292801228682777
2564,1-74,1-74-R-94,19:53:00,veh_27861_bus,63.0,0.1,27931.77749489138,0.6292801228682777
2565,1-74,1-74-R-94,20:53:00,veh_27880_bus,61.0,0.1,27931.77749489138,0.6292801228682777
2566,1-74,1-74-R-94,21:53:00,veh_27870_bus,60.0,0.1,27931.77749489138,0.6292801228682777
2567,1-74,1-74-R-94,22:56:00,veh_27492_bus,57.0,0.2833333333333333,27931.77749489138,0.6251417057726046
2568,1-294,1-294-A-10,06:06:00,veh_12608_bus,50.0,49.25,25296.69403922255,28.44603583092792
2569,1-294,1-294-A-10,06:59:00,veh_12605_bus,57.0,439.8333333333333,25296.69403922255,27.741515689241915
2570,1-294,1-294-A-10,07:23:00,veh_12604_bus,64.0,1235.9666666666667,25296.69403922255,21.515211995659662
2571,1-294,1-294-R-9,15:30:00,veh_12609_bus,62.0,9.533333333333333,25709.68074301033,3.427697240950589
2572,1-294,1-294-R-9,16:38:00,veh_12606_bus,64.0,12.35,25709.68074301033,3.3079217749292353
2573,1-294,1-294-R-9,17:18:00,veh_12603_bus,61.0,452.6333333333333,25709.68074301033,2.975566109661596
2574,1-294,1-294-R-9,18:03:00,veh_12607_bus,55.0,414.31666666666666,25709.68074301033,3.685002053729463
